[
{
  "model": "service_development.voicelabel",
  "pk": 1,
  "fields": {
    "name": "Dutch language",
    "description": "Nederlandse taal"
  }
},
{
  "model": "service_development.voicelabel",
  "pk": 2,
  "fields": {
    "name": "General error message",
    "description": ""
  }
},
{
  "model": "service_development.voicelabel",
  "pk": 3,
  "fields": {
    "name": "This is the truth",
    "description": ""
  }
},
{
  "model": "service_development.voicelabel",
  "pk": 4,
  "fields": {
    "name": "English language",
    "description": ""
  }
},
{
  "model": "service_development.voicelabel",
  "pk": 5,
  "fields": {
    "name": "Thank you for using this service",
    "description": ""
  }
},
{
  "model": "service_development.voicelabel",
  "pk": 6,
  "fields": {
    "name": "Wow, it must be a really boring guy!",
    "description": ""
  }
},
{
  "model": "service_development.voicelabel",
  "pk": 7,
  "fields": {
    "name": "French language",
    "description": ""
  }
},
{
  "model": "service_development.voicelabel",
  "pk": 8,
  "fields": {
    "name": "Please select your language",
    "description": ""
  }
},
{
  "model": "service_development.voicelabel",
  "pk": 9,
  "fields": {
    "name": "Pre Choice Option",
    "description": ""
  }
},
{
  "model": "service_development.voicelabel",
  "pk": 10,
  "fields": {
    "name": "Post Choice Option",
    "description": ""
  }
},
{
  "model": "service_development.voicelabel",
  "pk": 11,
  "fields": {
    "name": "One",
    "description": ""
  }
},
{
  "model": "service_development.voicelabel",
  "pk": 12,
  "fields": {
    "name": "Two",
    "description": ""
  }
},
{
  "model": "service_development.voicelabel",
  "pk": 13,
  "fields": {
    "name": "Three",
    "description": ""
  }
},
{
  "model": "service_development.voicelabel",
  "pk": 14,
  "fields": {
    "name": "Four",
    "description": ""
  }
},
{
  "model": "service_development.voicelabel",
  "pk": 15,
  "fields": {
    "name": "Five",
    "description": ""
  }
},
{
  "model": "service_development.voicelabel",
  "pk": 16,
  "fields": {
    "name": "Six",
    "description": ""
  }
},
{
  "model": "service_development.voicelabel",
  "pk": 17,
  "fields": {
    "name": "Seven",
    "description": ""
  }
},
{
  "model": "service_development.voicelabel",
  "pk": 18,
  "fields": {
    "name": "Eight",
    "description": ""
  }
},
{
  "model": "service_development.voicelabel",
  "pk": 19,
  "fields": {
    "name": "Nine",
    "description": ""
  }
},
{
  "model": "service_development.voicelabel",
  "pk": 20,
  "fields": {
    "name": "Zero",
    "description": ""
  }
},
{
  "model": "service_development.voicelabel",
  "pk": 21,
  "fields": {
    "name": "Yes",
    "description": ""
  }
},
{
  "model": "service_development.voicelabel",
  "pk": 22,
  "fields": {
    "name": "No",
    "description": ""
  }
},
{
  "model": "service_development.voicelabel",
  "pk": 23,
  "fields": {
    "name": "Does the king like to drink beer?",
    "description": ""
  }
},
{
  "model": "service_development.voicelabel",
  "pk": 25,
  "fields": {
    "name": "Please speak your message",
    "description": ""
  }
},
{
  "model": "service_development.voicelabel",
  "pk": 26,
  "fields": {
    "name": "Select region",
    "description": null
  }
},
{
  "model": "service_development.voicelabel",
  "pk": 27,
  "fields": {
    "name": "millet",
    "description": "Prediction for when millet is selected as crop"
  }
},
{
  "model": "service_development.voicelabel",
  "pk": 28,
  "fields": {
    "name": "corn",
    "description": "Prediction for when corn is selected as crop"
  }
},
{
  "model": "service_development.voicelabel",
  "pk": 29,
  "fields": {
    "name": "rice",
    "description": "Prediction for when rice is selected as crop"
  }
},
{
  "model": "service_development.voicelabel",
  "pk": 30,
  "fields": {
    "name": "Choose crop - Sikasso",
    "description": null
  }
},
{
  "model": "service_development.voicelabel",
  "pk": 31,
  "fields": {
    "name": "Choose cercle",
    "description": "Choose where you live"
  }
},
{
  "model": "service_development.voicelabel",
  "pk": 32,
  "fields": {
    "name": "Choose language",
    "description": "Select a language"
  }
},
{
  "model": "service_development.voicelabel",
  "pk": 33,
  "fields": {
    "name": "Thank you",
    "description": "Thanks for using service"
  }
},
{
  "model": "service_development.voicelabel",
  "pk": 34,
  "fields": {
    "name": "Selected - Sikasso",
    "description": null
  }
},
{
  "model": "service_development.voicelabel",
  "pk": 35,
  "fields": {
    "name": "Sikasso",
    "description": "Sikasso"
  }
},
{
  "model": "service_development.voicelabel",
  "pk": 36,
  "fields": {
    "name": "corn-prediction-yes",
    "description": null
  }
},
{
  "model": "service_development.voicelabel",
  "pk": 37,
  "fields": {
    "name": "millet-prediction-yes",
    "description": null
  }
},
{
  "model": "service_development.voicelabel",
  "pk": 38,
  "fields": {
    "name": "rice-prediction-yes",
    "description": null
  }
},
{
  "model": "service_development.voicelabel",
  "pk": 39,
  "fields": {
    "name": "rice-prediction-no",
    "description": null
  }
},
{
  "model": "service_development.voicelabel",
  "pk": 40,
  "fields": {
    "name": "corn-prediction-no",
    "description": null
  }
},
{
  "model": "service_development.voicelabel",
  "pk": 41,
  "fields": {
    "name": "millet-prediction-no",
    "description": null
  }
},
{
  "model": "service_development.voicelabel",
  "pk": 42,
  "fields": {
    "name": "Bougouni",
    "description": null
  }
},
{
  "model": "service_development.voicelabel",
  "pk": 43,
  "fields": {
    "name": "Kadiolo",
    "description": null
  }
},
{
  "model": "service_development.voicelabel",
  "pk": 44,
  "fields": {
    "name": "Kolondieba",
    "description": null
  }
},
{
  "model": "service_development.voicelabel",
  "pk": 45,
  "fields": {
    "name": "Koutiala",
    "description": null
  }
},
{
  "model": "service_development.voicelabel",
  "pk": 46,
  "fields": {
    "name": "Yanfolila",
    "description": null
  }
},
{
  "model": "service_development.voicelabel",
  "pk": 47,
  "fields": {
    "name": "Yorosso",
    "description": null
  }
},
{
  "model": "service_development.voicelabel",
  "pk": 48,
  "fields": {
    "name": "Selected - Bougouni",
    "description": null
  }
},
{
  "model": "service_development.voicelabel",
  "pk": 49,
  "fields": {
    "name": "Selected - Kadiolo",
    "description": null
  }
},
{
  "model": "service_development.voicelabel",
  "pk": 50,
  "fields": {
    "name": "Selected - Kolondieba",
    "description": null
  }
},
{
  "model": "service_development.voicelabel",
  "pk": 51,
  "fields": {
    "name": "Selected - Koutiala",
    "description": null
  }
},
{
  "model": "service_development.voicelabel",
  "pk": 52,
  "fields": {
    "name": "Selected - Yanfolila",
    "description": null
  }
},
{
  "model": "service_development.voicelabel",
  "pk": 53,
  "fields": {
    "name": "Selected - Yorosso",
    "description": null
  }
},
{
  "model": "service_development.language",
  "pk": 1,
  "fields": {
    "name": "Nederlands",
    "code": "nl",
    "voice_label": 1,
    "error_message": 2,
    "select_language": 8,
    "pre_choice_option": 9,
    "post_choice_option": 10,
    "one": 11,
    "two": 12,
    "three": 13,
    "four": 14,
    "five": 15,
    "six": 16,
    "seven": 17,
    "eight": 18,
    "nine": 19,
    "zero": 20
  }
},
{
  "model": "service_development.language",
  "pk": 2,
  "fields": {
    "name": "English",
    "code": "en",
    "voice_label": 4,
    "error_message": 2,
    "select_language": 8,
    "pre_choice_option": 9,
    "post_choice_option": 10,
    "one": 11,
    "two": 12,
    "three": 13,
    "four": 14,
    "five": 15,
    "six": 16,
    "seven": 17,
    "eight": 18,
    "nine": 19,
    "zero": 20
  }
},
{
  "model": "service_development.language",
  "pk": 3,
  "fields": {
    "name": "Francais",
    "code": "fr",
    "voice_label": 7,
    "error_message": 2,
    "select_language": 8,
    "pre_choice_option": 9,
    "post_choice_option": 10,
    "one": 11,
    "two": 12,
    "three": 13,
    "four": 14,
    "five": 15,
    "six": 16,
    "seven": 17,
    "eight": 18,
    "nine": 19,
    "zero": 20
  }
},
{
  "model": "service_development.voicefragment",
  "pk": 1,
  "fields": {
    "parent": 6,
    "language": 2,
    "audio": "boring_guy_en.wav"
  }
},
{
  "model": "service_development.voicefragment",
  "pk": 2,
  "fields": {
    "parent": 6,
    "language": 1,
    "audio": "boring_guy_nl.wav"
  }
},
{
  "model": "service_development.voicefragment",
  "pk": 6,
  "fields": {
    "parent": 22,
    "language": 1,
    "audio": "no_nl.wav"
  }
},
{
  "model": "service_development.voicefragment",
  "pk": 7,
  "fields": {
    "parent": 22,
    "language": 2,
    "audio": "no_en.wav"
  }
},
{
  "model": "service_development.voicefragment",
  "pk": 8,
  "fields": {
    "parent": 22,
    "language": 3,
    "audio": "no_fr.wav"
  }
},
{
  "model": "service_development.voicefragment",
  "pk": 9,
  "fields": {
    "parent": 21,
    "language": 1,
    "audio": "yes_nl.wav"
  }
},
{
  "model": "service_development.voicefragment",
  "pk": 10,
  "fields": {
    "parent": 21,
    "language": 2,
    "audio": "yes_en.wav"
  }
},
{
  "model": "service_development.voicefragment",
  "pk": 11,
  "fields": {
    "parent": 21,
    "language": 3,
    "audio": "yes_fr.wav"
  }
},
{
  "model": "service_development.voicefragment",
  "pk": 12,
  "fields": {
    "parent": 20,
    "language": 1,
    "audio": "0_nl.wav"
  }
},
{
  "model": "service_development.voicefragment",
  "pk": 13,
  "fields": {
    "parent": 20,
    "language": 2,
    "audio": "0_en.wav"
  }
},
{
  "model": "service_development.voicefragment",
  "pk": 14,
  "fields": {
    "parent": 20,
    "language": 3,
    "audio": "0_fr.wav"
  }
},
{
  "model": "service_development.voicefragment",
  "pk": 15,
  "fields": {
    "parent": 19,
    "language": 1,
    "audio": "9_nl.wav"
  }
},
{
  "model": "service_development.voicefragment",
  "pk": 16,
  "fields": {
    "parent": 19,
    "language": 2,
    "audio": "9_fr.wav"
  }
},
{
  "model": "service_development.voicefragment",
  "pk": 17,
  "fields": {
    "parent": 19,
    "language": 3,
    "audio": "9_en.wav"
  }
},
{
  "model": "service_development.voicefragment",
  "pk": 18,
  "fields": {
    "parent": 18,
    "language": 1,
    "audio": "8_nl.wav"
  }
},
{
  "model": "service_development.voicefragment",
  "pk": 19,
  "fields": {
    "parent": 18,
    "language": 2,
    "audio": "8_en.wav"
  }
},
{
  "model": "service_development.voicefragment",
  "pk": 20,
  "fields": {
    "parent": 18,
    "language": 3,
    "audio": "8_fr.wav"
  }
},
{
  "model": "service_development.voicefragment",
  "pk": 21,
  "fields": {
    "parent": 17,
    "language": 1,
    "audio": "7_nl.wav"
  }
},
{
  "model": "service_development.voicefragment",
  "pk": 22,
  "fields": {
    "parent": 17,
    "language": 2,
    "audio": "7_en.wav"
  }
},
{
  "model": "service_development.voicefragment",
  "pk": 23,
  "fields": {
    "parent": 17,
    "language": 3,
    "audio": "7_fr.wav"
  }
},
{
  "model": "service_development.voicefragment",
  "pk": 24,
  "fields": {
    "parent": 16,
    "language": 1,
    "audio": "6_nl.wav"
  }
},
{
  "model": "service_development.voicefragment",
  "pk": 25,
  "fields": {
    "parent": 16,
    "language": 2,
    "audio": "6_en.wav"
  }
},
{
  "model": "service_development.voicefragment",
  "pk": 26,
  "fields": {
    "parent": 16,
    "language": 3,
    "audio": "6_fr.wav"
  }
},
{
  "model": "service_development.voicefragment",
  "pk": 27,
  "fields": {
    "parent": 15,
    "language": 1,
    "audio": "5_nl.wav"
  }
},
{
  "model": "service_development.voicefragment",
  "pk": 28,
  "fields": {
    "parent": 15,
    "language": 2,
    "audio": "5_en.wav"
  }
},
{
  "model": "service_development.voicefragment",
  "pk": 29,
  "fields": {
    "parent": 15,
    "language": 3,
    "audio": "5_fr.wav"
  }
},
{
  "model": "service_development.voicefragment",
  "pk": 30,
  "fields": {
    "parent": 14,
    "language": 1,
    "audio": "4_nl.wav"
  }
},
{
  "model": "service_development.voicefragment",
  "pk": 31,
  "fields": {
    "parent": 14,
    "language": 2,
    "audio": "4_fr.wav"
  }
},
{
  "model": "service_development.voicefragment",
  "pk": 32,
  "fields": {
    "parent": 14,
    "language": 3,
    "audio": "4_en.wav"
  }
},
{
  "model": "service_development.voicefragment",
  "pk": 33,
  "fields": {
    "parent": 13,
    "language": 1,
    "audio": "3_nl.wav"
  }
},
{
  "model": "service_development.voicefragment",
  "pk": 34,
  "fields": {
    "parent": 13,
    "language": 2,
    "audio": "3_en.wav"
  }
},
{
  "model": "service_development.voicefragment",
  "pk": 35,
  "fields": {
    "parent": 13,
    "language": 3,
    "audio": "3_fr.wav"
  }
},
{
  "model": "service_development.voicefragment",
  "pk": 36,
  "fields": {
    "parent": 12,
    "language": 1,
    "audio": "2_nl.wav"
  }
},
{
  "model": "service_development.voicefragment",
  "pk": 37,
  "fields": {
    "parent": 12,
    "language": 2,
    "audio": "2_en.wav"
  }
},
{
  "model": "service_development.voicefragment",
  "pk": 38,
  "fields": {
    "parent": 12,
    "language": 3,
    "audio": "2_fr.wav"
  }
},
{
  "model": "service_development.voicefragment",
  "pk": 39,
  "fields": {
    "parent": 11,
    "language": 1,
    "audio": "1_nl.wav"
  }
},
{
  "model": "service_development.voicefragment",
  "pk": 40,
  "fields": {
    "parent": 11,
    "language": 2,
    "audio": "1_en.wav"
  }
},
{
  "model": "service_development.voicefragment",
  "pk": 41,
  "fields": {
    "parent": 11,
    "language": 3,
    "audio": "1_fr.wav"
  }
},
{
  "model": "service_development.voicefragment",
  "pk": 42,
  "fields": {
    "parent": 10,
    "language": 1,
    "audio": "post_choice_option_nl.wav"
  }
},
{
  "model": "service_development.voicefragment",
  "pk": 43,
  "fields": {
    "parent": 10,
    "language": 2,
    "audio": "post_choice_option_en.wav"
  }
},
{
  "model": "service_development.voicefragment",
  "pk": 44,
  "fields": {
    "parent": 10,
    "language": 3,
    "audio": "post_choice_option_fr.wav"
  }
},
{
  "model": "service_development.voicefragment",
  "pk": 45,
  "fields": {
    "parent": 9,
    "language": 1,
    "audio": "pre_choice_option_nl.wav"
  }
},
{
  "model": "service_development.voicefragment",
  "pk": 46,
  "fields": {
    "parent": 9,
    "language": 2,
    "audio": "pre_choice_option_en.wav"
  }
},
{
  "model": "service_development.voicefragment",
  "pk": 47,
  "fields": {
    "parent": 9,
    "language": 3,
    "audio": "pre_choice_option_fr.wav"
  }
},
{
  "model": "service_development.voicefragment",
  "pk": 48,
  "fields": {
    "parent": 8,
    "language": 1,
    "audio": "select_language_nl.wav"
  }
},
{
  "model": "service_development.voicefragment",
  "pk": 49,
  "fields": {
    "parent": 8,
    "language": 2,
    "audio": "select_language_en.wav"
  }
},
{
  "model": "service_development.voicefragment",
  "pk": 50,
  "fields": {
    "parent": 8,
    "language": 3,
    "audio": "select_language_fr.wav"
  }
},
{
  "model": "service_development.voicefragment",
  "pk": 51,
  "fields": {
    "parent": 7,
    "language": 1,
    "audio": "french_nl.wav"
  }
},
{
  "model": "service_development.voicefragment",
  "pk": 52,
  "fields": {
    "parent": 7,
    "language": 2,
    "audio": "french_en.wav"
  }
},
{
  "model": "service_development.voicefragment",
  "pk": 53,
  "fields": {
    "parent": 7,
    "language": 3,
    "audio": "french_fr.wav"
  }
},
{
  "model": "service_development.voicefragment",
  "pk": 54,
  "fields": {
    "parent": 6,
    "language": 3,
    "audio": "boring_guy_fr.wav"
  }
},
{
  "model": "service_development.voicefragment",
  "pk": 55,
  "fields": {
    "parent": 5,
    "language": 1,
    "audio": "thank_you_for_using_nl.wav"
  }
},
{
  "model": "service_development.voicefragment",
  "pk": 56,
  "fields": {
    "parent": 5,
    "language": 2,
    "audio": "thank_you_for_using_en.wav"
  }
},
{
  "model": "service_development.voicefragment",
  "pk": 57,
  "fields": {
    "parent": 5,
    "language": 3,
    "audio": "thank_you_for_using_fr.wav"
  }
},
{
  "model": "service_development.voicefragment",
  "pk": 58,
  "fields": {
    "parent": 4,
    "language": 1,
    "audio": "english_nl.wav"
  }
},
{
  "model": "service_development.voicefragment",
  "pk": 59,
  "fields": {
    "parent": 4,
    "language": 2,
    "audio": "english_en.wav"
  }
},
{
  "model": "service_development.voicefragment",
  "pk": 60,
  "fields": {
    "parent": 4,
    "language": 3,
    "audio": "english_fr.wav"
  }
},
{
  "model": "service_development.voicefragment",
  "pk": 61,
  "fields": {
    "parent": 3,
    "language": 1,
    "audio": "truth_nl.wav"
  }
},
{
  "model": "service_development.voicefragment",
  "pk": 62,
  "fields": {
    "parent": 3,
    "language": 2,
    "audio": "truth_en.wav"
  }
},
{
  "model": "service_development.voicefragment",
  "pk": 63,
  "fields": {
    "parent": 3,
    "language": 3,
    "audio": "truth_fr.wav"
  }
},
{
  "model": "service_development.voicefragment",
  "pk": 64,
  "fields": {
    "parent": 2,
    "language": 1,
    "audio": "error_nl.wav"
  }
},
{
  "model": "service_development.voicefragment",
  "pk": 65,
  "fields": {
    "parent": 2,
    "language": 2,
    "audio": "error_en.wav"
  }
},
{
  "model": "service_development.voicefragment",
  "pk": 66,
  "fields": {
    "parent": 2,
    "language": 3,
    "audio": "error_fr.wav"
  }
},
{
  "model": "service_development.voicefragment",
  "pk": 67,
  "fields": {
    "parent": 1,
    "language": 1,
    "audio": "dutch_nl.wav"
  }
},
{
  "model": "service_development.voicefragment",
  "pk": 68,
  "fields": {
    "parent": 1,
    "language": 2,
    "audio": "dutch_en.wav"
  }
},
{
  "model": "service_development.voicefragment",
  "pk": 69,
  "fields": {
    "parent": 1,
    "language": 3,
    "audio": "dutch_fr.wav"
  }
},
{
  "model": "service_development.voicefragment",
  "pk": 70,
  "fields": {
    "parent": 23,
    "language": 1,
    "audio": "king_question_nl.wav"
  }
},
{
  "model": "service_development.voicefragment",
  "pk": 71,
  "fields": {
    "parent": 23,
    "language": 2,
    "audio": "king_question_en.wav"
  }
},
{
  "model": "service_development.voicefragment",
  "pk": 72,
  "fields": {
    "parent": 23,
    "language": 3,
    "audio": "king_question_fr.wav"
  }
},
{
  "model": "service_development.voicefragment",
  "pk": 74,
  "fields": {
    "parent": 25,
    "language": 3,
    "audio": "speakYourMessage.wav"
  }
},
{
  "model": "service_development.voicefragment",
  "pk": 75,
  "fields": {
    "parent": 26,
    "language": 2,
    "audio": "test.wav"
  }
},
{
  "model": "service_development.voicefragment",
  "pk": 76,
  "fields": {
    "parent": 26,
    "language": 3,
    "audio": "test_ReY8H6B.wav"
  }
},
{
  "model": "service_development.voicefragment",
  "pk": 77,
  "fields": {
    "parent": 27,
    "language": 2,
    "audio": "millet_en.wav"
  }
},
{
  "model": "service_development.voicefragment",
  "pk": 78,
  "fields": {
    "parent": 28,
    "language": 2,
    "audio": "corn_en_xjApRtj.wav"
  }
},
{
  "model": "service_development.voicefragment",
  "pk": 79,
  "fields": {
    "parent": 29,
    "language": 2,
    "audio": "rice_en.wav"
  }
},
{
  "model": "service_development.voicefragment",
  "pk": 80,
  "fields": {
    "parent": 30,
    "language": 2,
    "audio": "sikasso_eFxyTjY.wav"
  }
},
{
  "model": "service_development.voicefragment",
  "pk": 81,
  "fields": {
    "parent": 31,
    "language": 2,
    "audio": "welcome_en.wav"
  }
},
{
  "model": "service_development.voicefragment",
  "pk": 82,
  "fields": {
    "parent": 32,
    "language": 2,
    "audio": "choose-language.wav"
  }
},
{
  "model": "service_development.voicefragment",
  "pk": 83,
  "fields": {
    "parent": 33,
    "language": 2,
    "audio": "thankyou.wav"
  }
},
{
  "model": "service_development.voicefragment",
  "pk": 84,
  "fields": {
    "parent": 34,
    "language": 2,
    "audio": "sikasso_select_crop_en.wav"
  }
},
{
  "model": "service_development.voicefragment",
  "pk": 85,
  "fields": {
    "parent": 35,
    "language": 2,
    "audio": "sikasso_en.wav"
  }
},
{
  "model": "service_development.voicefragment",
  "pk": 86,
  "fields": {
    "parent": 36,
    "language": 2,
    "audio": "corn_yes_en.wav"
  }
},
{
  "model": "service_development.voicefragment",
  "pk": 87,
  "fields": {
    "parent": 37,
    "language": 2,
    "audio": "millet_yes_en.wav"
  }
},
{
  "model": "service_development.voicefragment",
  "pk": 88,
  "fields": {
    "parent": 38,
    "language": 2,
    "audio": "rice_yes_en.wav"
  }
},
{
  "model": "service_development.voicefragment",
  "pk": 89,
  "fields": {
    "parent": 35,
    "language": 3,
    "audio": "sikasso_fr.wav"
  }
},
{
  "model": "service_development.voicefragment",
  "pk": 90,
  "fields": {
    "parent": 31,
    "language": 3,
    "audio": "welcome_fr.wav"
  }
},
{
  "model": "service_development.voicefragment",
  "pk": 91,
  "fields": {
    "parent": 27,
    "language": 3,
    "audio": "millet_fr.wav"
  }
},
{
  "model": "service_development.voicefragment",
  "pk": 92,
  "fields": {
    "parent": 28,
    "language": 3,
    "audio": "corn_fr.wav"
  }
},
{
  "model": "service_development.voicefragment",
  "pk": 93,
  "fields": {
    "parent": 29,
    "language": 3,
    "audio": "rice_fr.wav"
  }
},
{
  "model": "service_development.voicefragment",
  "pk": 94,
  "fields": {
    "parent": 33,
    "language": 3,
    "audio": "thankyou-fr.wav"
  }
},
{
  "model": "service_development.voicefragment",
  "pk": 95,
  "fields": {
    "parent": 34,
    "language": 3,
    "audio": "sikasso_select_crop_fr.wav"
  }
},
{
  "model": "service_development.voicefragment",
  "pk": 96,
  "fields": {
    "parent": 36,
    "language": 3,
    "audio": "corn_yes_fr.wav"
  }
},
{
  "model": "service_development.voicefragment",
  "pk": 97,
  "fields": {
    "parent": 37,
    "language": 3,
    "audio": "millet_yes_fr.wav"
  }
},
{
  "model": "service_development.voicefragment",
  "pk": 98,
  "fields": {
    "parent": 38,
    "language": 3,
    "audio": "rice_yes_fr.wav"
  }
},
{
  "model": "service_development.voicefragment",
  "pk": 99,
  "fields": {
    "parent": 39,
    "language": 2,
    "audio": "rice_no_en.wav"
  }
},
{
  "model": "service_development.voicefragment",
  "pk": 100,
  "fields": {
    "parent": 39,
    "language": 3,
    "audio": "rice_no_fr.wav"
  }
},
{
  "model": "service_development.voicefragment",
  "pk": 101,
  "fields": {
    "parent": 40,
    "language": 2,
    "audio": "corn_no_en.wav"
  }
},
{
  "model": "service_development.voicefragment",
  "pk": 102,
  "fields": {
    "parent": 40,
    "language": 3,
    "audio": "corn_no_fr.wav"
  }
},
{
  "model": "service_development.voicefragment",
  "pk": 103,
  "fields": {
    "parent": 41,
    "language": 2,
    "audio": "millet_no_en.wav"
  }
},
{
  "model": "service_development.voicefragment",
  "pk": 104,
  "fields": {
    "parent": 41,
    "language": 3,
    "audio": "millet_no_fr.wav"
  }
},
{
  "model": "service_development.voicefragment",
  "pk": 105,
  "fields": {
    "parent": 42,
    "language": 2,
    "audio": "bougouni_en.wav"
  }
},
{
  "model": "service_development.voicefragment",
  "pk": 106,
  "fields": {
    "parent": 42,
    "language": 3,
    "audio": "bougouni_fr.wav"
  }
},
{
  "model": "service_development.voicefragment",
  "pk": 107,
  "fields": {
    "parent": 43,
    "language": 2,
    "audio": "kadiolo_en.wav"
  }
},
{
  "model": "service_development.voicefragment",
  "pk": 108,
  "fields": {
    "parent": 43,
    "language": 3,
    "audio": "kadiolo_fr.wav"
  }
},
{
  "model": "service_development.voicefragment",
  "pk": 109,
  "fields": {
    "parent": 44,
    "language": 2,
    "audio": "kolondieba_en.wav"
  }
},
{
  "model": "service_development.voicefragment",
  "pk": 110,
  "fields": {
    "parent": 44,
    "language": 3,
    "audio": "kolondieba_fr.wav"
  }
},
{
  "model": "service_development.voicefragment",
  "pk": 111,
  "fields": {
    "parent": 45,
    "language": 2,
    "audio": "koutiala_en.wav"
  }
},
{
  "model": "service_development.voicefragment",
  "pk": 112,
  "fields": {
    "parent": 45,
    "language": 3,
    "audio": "koutiala_fr.wav"
  }
},
{
  "model": "service_development.voicefragment",
  "pk": 113,
  "fields": {
    "parent": 46,
    "language": 2,
    "audio": "yanfolila_en.wav"
  }
},
{
  "model": "service_development.voicefragment",
  "pk": 114,
  "fields": {
    "parent": 46,
    "language": 3,
    "audio": "yanfolila_fr.wav"
  }
},
{
  "model": "service_development.voicefragment",
  "pk": 115,
  "fields": {
    "parent": 47,
    "language": 2,
    "audio": "yorosso_en.wav"
  }
},
{
  "model": "service_development.voicefragment",
  "pk": 116,
  "fields": {
    "parent": 47,
    "language": 3,
    "audio": "yorosso_fr.wav"
  }
},
{
  "model": "service_development.voicefragment",
  "pk": 117,
  "fields": {
    "parent": 48,
    "language": 2,
    "audio": "bougouni_select_crop_en.wav"
  }
},
{
  "model": "service_development.voicefragment",
  "pk": 118,
  "fields": {
    "parent": 48,
    "language": 3,
    "audio": "bougouni_select_crop_fr.wav"
  }
},
{
  "model": "service_development.voicefragment",
  "pk": 119,
  "fields": {
    "parent": 49,
    "language": 2,
    "audio": "kadiolo_select_crop_en.wav"
  }
},
{
  "model": "service_development.voicefragment",
  "pk": 120,
  "fields": {
    "parent": 49,
    "language": 3,
    "audio": "kadiolo_select_crop_fr.wav"
  }
},
{
  "model": "service_development.voicefragment",
  "pk": 121,
  "fields": {
    "parent": 50,
    "language": 2,
    "audio": "kolondieba_select_crop_en.wav"
  }
},
{
  "model": "service_development.voicefragment",
  "pk": 122,
  "fields": {
    "parent": 50,
    "language": 3,
    "audio": "kolondieba_select_crop_fr.wav"
  }
},
{
  "model": "service_development.voicefragment",
  "pk": 123,
  "fields": {
    "parent": 51,
    "language": 2,
    "audio": "koutiala_select_crop_en.wav"
  }
},
{
  "model": "service_development.voicefragment",
  "pk": 124,
  "fields": {
    "parent": 51,
    "language": 3,
    "audio": "koutiala_select_crop_fr.wav"
  }
},
{
  "model": "service_development.voicefragment",
  "pk": 125,
  "fields": {
    "parent": 52,
    "language": 2,
    "audio": "yanfolida_select_crop_en.wav"
  }
},
{
  "model": "service_development.voicefragment",
  "pk": 126,
  "fields": {
    "parent": 52,
    "language": 3,
    "audio": "yanfolila_select_crop_fr.wav"
  }
},
{
  "model": "service_development.voicefragment",
  "pk": 127,
  "fields": {
    "parent": 53,
    "language": 2,
    "audio": "yorosso_select_crop_en.wav"
  }
},
{
  "model": "service_development.voicefragment",
  "pk": 128,
  "fields": {
    "parent": 53,
    "language": 3,
    "audio": "yorosso_select_crop_fr.wav"
  }
},
{
  "model": "service_development.voiceservicesubelement",
  "pk": 2,
  "fields": {
    "service": 1,
    "creation_date": "2017-04-23T19:30:23.792Z",
    "modification_date": "2018-02-16T16:42:26.402Z",
    "name": "Does the king like to drink beer?",
    "description": "",
    "voice_label": 23
  }
},
{
  "model": "service_development.voiceservicesubelement",
  "pk": 3,
  "fields": {
    "service": 1,
    "creation_date": "2017-04-23T19:32:07.853Z",
    "modification_date": "2018-01-25T14:35:48.977Z",
    "name": "Yes",
    "description": "King <3's BEER",
    "voice_label": 21
  }
},
{
  "model": "service_development.voiceservicesubelement",
  "pk": 4,
  "fields": {
    "service": 1,
    "creation_date": "2017-04-23T19:32:07.854Z",
    "modification_date": "2018-02-16T16:42:26.405Z",
    "name": "No",
    "description": "",
    "voice_label": 22
  }
},
{
  "model": "service_development.voiceservicesubelement",
  "pk": 5,
  "fields": {
    "service": 1,
    "creation_date": "2017-04-23T19:49:50.055Z",
    "modification_date": "2018-02-16T16:42:51.484Z",
    "name": "This is the truth",
    "description": "",
    "voice_label": 3
  }
},
{
  "model": "service_development.voiceservicesubelement",
  "pk": 6,
  "fields": {
    "service": 1,
    "creation_date": "2017-04-23T21:11:06.805Z",
    "modification_date": "2017-04-23T21:33:29.853Z",
    "name": "Thank you for using this service",
    "description": "",
    "voice_label": 5
  }
},
{
  "model": "service_development.voiceservicesubelement",
  "pk": 7,
  "fields": {
    "service": 1,
    "creation_date": "2017-04-23T21:36:55.756Z",
    "modification_date": "2017-04-23T21:36:55.756Z",
    "name": "King is boring",
    "description": "",
    "voice_label": 6
  }
},
{
  "model": "service_development.voiceservicesubelement",
  "pk": 8,
  "fields": {
    "service": 2,
    "creation_date": "2019-04-23T14:15:16.395Z",
    "modification_date": "2019-04-23T14:56:08.253Z",
    "name": "Choose crop - Sikasso",
    "description": "Choosing a crop for Sikasso",
    "voice_label": 34
  }
},
{
  "model": "service_development.voiceservicesubelement",
  "pk": 9,
  "fields": {
    "service": 2,
    "creation_date": "2019-04-23T14:15:16.411Z",
    "modification_date": "2019-04-23T14:56:08.269Z",
    "name": "Millet",
    "description": "Millet crop",
    "voice_label": 27
  }
},
{
  "model": "service_development.voiceservicesubelement",
  "pk": 10,
  "fields": {
    "service": 2,
    "creation_date": "2019-04-23T14:15:16.411Z",
    "modification_date": "2019-04-23T14:56:08.269Z",
    "name": "Rice",
    "description": "Rice crop",
    "voice_label": 29
  }
},
{
  "model": "service_development.voiceservicesubelement",
  "pk": 11,
  "fields": {
    "service": 2,
    "creation_date": "2019-04-23T14:15:16.411Z",
    "modification_date": "2019-04-23T14:56:08.269Z",
    "name": "Corn",
    "description": "Corn crop",
    "voice_label": 28
  }
},
{
  "model": "service_development.voiceservicesubelement",
  "pk": 12,
  "fields": {
    "service": 2,
    "creation_date": "2019-04-23T14:19:26.664Z",
    "modification_date": "2019-04-23T14:19:26.664Z",
    "name": "Thank you",
    "description": "Thanks & end call",
    "voice_label": 33
  }
},
{
  "model": "service_development.voiceservicesubelement",
  "pk": 13,
  "fields": {
    "service": 2,
    "creation_date": "2019-04-23T14:21:33.096Z",
    "modification_date": "2019-05-18T20:34:41.741Z",
    "name": "Choose cercle",
    "description": "Choosing a cercle (currently only Sikasso works)",
    "voice_label": 31
  }
},
{
  "model": "service_development.voiceservicesubelement",
  "pk": 14,
  "fields": {
    "service": 2,
    "creation_date": "2019-04-23T14:21:33.111Z",
    "modification_date": "2019-04-23T14:45:52.103Z",
    "name": "Sikasso",
    "description": "Choosing Sikasso region",
    "voice_label": 35
  }
},
{
  "model": "service_development.voiceservicesubelement",
  "pk": 15,
  "fields": {
    "service": 2,
    "creation_date": "2019-04-23T14:53:56.059Z",
    "modification_date": "2019-05-19T12:14:05.366Z",
    "name": "corn-prediction-yes",
    "description": "Prediction for when corn is selected as crop",
    "voice_label": 36
  }
},
{
  "model": "service_development.voiceservicesubelement",
  "pk": 16,
  "fields": {
    "service": 2,
    "creation_date": "2019-04-23T14:55:20.600Z",
    "modification_date": "2019-05-19T12:13:58.713Z",
    "name": "rice-prediction-yes",
    "description": "",
    "voice_label": 38
  }
},
{
  "model": "service_development.voiceservicesubelement",
  "pk": 17,
  "fields": {
    "service": 2,
    "creation_date": "2019-04-23T14:55:39.614Z",
    "modification_date": "2019-05-19T12:13:51.626Z",
    "name": "millet-prediction-yes",
    "description": "",
    "voice_label": 37
  }
},
{
  "model": "service_development.voiceservicesubelement",
  "pk": 18,
  "fields": {
    "service": 2,
    "creation_date": "2019-05-18T20:16:43.684Z",
    "modification_date": "2019-05-18T20:24:55.157Z",
    "name": "Choose crop - Bougouni",
    "description": "Choosing a crop for Bougouni",
    "voice_label": 48
  }
},
{
  "model": "service_development.voiceservicesubelement",
  "pk": 19,
  "fields": {
    "service": 2,
    "creation_date": "2019-05-18T20:16:43.688Z",
    "modification_date": "2019-05-18T20:16:43.688Z",
    "name": "Millet",
    "description": "Millet crop",
    "voice_label": 27
  }
},
{
  "model": "service_development.voiceservicesubelement",
  "pk": 20,
  "fields": {
    "service": 2,
    "creation_date": "2019-05-18T20:16:43.691Z",
    "modification_date": "2019-05-18T20:16:43.691Z",
    "name": "Rice",
    "description": "Rice crop",
    "voice_label": 29
  }
},
{
  "model": "service_development.voiceservicesubelement",
  "pk": 21,
  "fields": {
    "service": 2,
    "creation_date": "2019-05-18T20:16:43.692Z",
    "modification_date": "2019-05-18T20:16:43.692Z",
    "name": "Corn",
    "description": "Corn crop",
    "voice_label": 28
  }
},
{
  "model": "service_development.voiceservicesubelement",
  "pk": 22,
  "fields": {
    "service": 2,
    "creation_date": "2019-05-18T20:26:24.480Z",
    "modification_date": "2019-05-18T20:26:24.480Z",
    "name": "Choose crop - Kadiolo",
    "description": "Choosing a crop for Kadiolo",
    "voice_label": 49
  }
},
{
  "model": "service_development.voiceservicesubelement",
  "pk": 23,
  "fields": {
    "service": 2,
    "creation_date": "2019-05-18T20:26:24.486Z",
    "modification_date": "2019-05-18T20:26:24.486Z",
    "name": "Millet",
    "description": "Millet crop",
    "voice_label": 27
  }
},
{
  "model": "service_development.voiceservicesubelement",
  "pk": 24,
  "fields": {
    "service": 2,
    "creation_date": "2019-05-18T20:26:24.487Z",
    "modification_date": "2019-05-18T20:26:24.487Z",
    "name": "Rice",
    "description": "Rice crop",
    "voice_label": 29
  }
},
{
  "model": "service_development.voiceservicesubelement",
  "pk": 25,
  "fields": {
    "service": 2,
    "creation_date": "2019-05-18T20:26:24.488Z",
    "modification_date": "2019-05-18T20:26:24.488Z",
    "name": "Corn",
    "description": "Corn crop",
    "voice_label": 28
  }
},
{
  "model": "service_development.voiceservicesubelement",
  "pk": 26,
  "fields": {
    "service": 2,
    "creation_date": "2019-05-18T20:27:53.432Z",
    "modification_date": "2019-05-18T20:27:53.432Z",
    "name": "Choose crop - Kolondieba",
    "description": "Choosing a crop for Kolondieba",
    "voice_label": 50
  }
},
{
  "model": "service_development.voiceservicesubelement",
  "pk": 27,
  "fields": {
    "service": 2,
    "creation_date": "2019-05-18T20:27:53.435Z",
    "modification_date": "2019-05-18T20:27:53.435Z",
    "name": "Millet",
    "description": "Millet crop",
    "voice_label": 27
  }
},
{
  "model": "service_development.voiceservicesubelement",
  "pk": 28,
  "fields": {
    "service": 2,
    "creation_date": "2019-05-18T20:27:53.435Z",
    "modification_date": "2019-05-18T20:27:53.436Z",
    "name": "Rice",
    "description": "Rice crop",
    "voice_label": 29
  }
},
{
  "model": "service_development.voiceservicesubelement",
  "pk": 29,
  "fields": {
    "service": 2,
    "creation_date": "2019-05-18T20:27:53.436Z",
    "modification_date": "2019-05-18T20:27:53.436Z",
    "name": "Corn",
    "description": "Corn crop",
    "voice_label": 28
  }
},
{
  "model": "service_development.voiceservicesubelement",
  "pk": 30,
  "fields": {
    "service": 2,
    "creation_date": "2019-05-18T20:29:35.980Z",
    "modification_date": "2019-05-18T20:29:35.980Z",
    "name": "Choose crop - Koutiala",
    "description": "Choosing a crop for Koutiala",
    "voice_label": 51
  }
},
{
  "model": "service_development.voiceservicesubelement",
  "pk": 31,
  "fields": {
    "service": 2,
    "creation_date": "2019-05-18T20:29:35.983Z",
    "modification_date": "2019-05-18T20:29:35.983Z",
    "name": "Millet",
    "description": "Millet crop",
    "voice_label": 27
  }
},
{
  "model": "service_development.voiceservicesubelement",
  "pk": 32,
  "fields": {
    "service": 2,
    "creation_date": "2019-05-18T20:29:35.985Z",
    "modification_date": "2019-05-18T20:29:35.985Z",
    "name": "Rice",
    "description": "Rice crop",
    "voice_label": 29
  }
},
{
  "model": "service_development.voiceservicesubelement",
  "pk": 33,
  "fields": {
    "service": 2,
    "creation_date": "2019-05-18T20:29:35.986Z",
    "modification_date": "2019-05-18T20:29:35.986Z",
    "name": "Corn",
    "description": "Corn crop",
    "voice_label": 28
  }
},
{
  "model": "service_development.voiceservicesubelement",
  "pk": 34,
  "fields": {
    "service": 2,
    "creation_date": "2019-05-18T20:30:56.841Z",
    "modification_date": "2019-05-18T20:30:56.841Z",
    "name": "Choose crop - Yanfolila",
    "description": "Choosing a crop for Yanfolila",
    "voice_label": 52
  }
},
{
  "model": "service_development.voiceservicesubelement",
  "pk": 35,
  "fields": {
    "service": 2,
    "creation_date": "2019-05-18T20:30:56.846Z",
    "modification_date": "2019-05-18T20:30:56.846Z",
    "name": "Millet",
    "description": "Millet crop",
    "voice_label": 27
  }
},
{
  "model": "service_development.voiceservicesubelement",
  "pk": 36,
  "fields": {
    "service": 2,
    "creation_date": "2019-05-18T20:30:56.848Z",
    "modification_date": "2019-05-18T20:30:56.848Z",
    "name": "Rice",
    "description": "Rice crop",
    "voice_label": 29
  }
},
{
  "model": "service_development.voiceservicesubelement",
  "pk": 37,
  "fields": {
    "service": 2,
    "creation_date": "2019-05-18T20:30:56.849Z",
    "modification_date": "2019-05-18T20:30:56.849Z",
    "name": "Corn",
    "description": "Corn crop",
    "voice_label": 28
  }
},
{
  "model": "service_development.voiceservicesubelement",
  "pk": 38,
  "fields": {
    "service": 2,
    "creation_date": "2019-05-18T20:32:00.849Z",
    "modification_date": "2019-05-18T20:32:00.849Z",
    "name": "Choose crop - Yorosso",
    "description": "Choosing a crop for Yorosso",
    "voice_label": 53
  }
},
{
  "model": "service_development.voiceservicesubelement",
  "pk": 39,
  "fields": {
    "service": 2,
    "creation_date": "2019-05-18T20:32:00.854Z",
    "modification_date": "2019-05-18T20:32:00.854Z",
    "name": "Millet",
    "description": "Millet crop",
    "voice_label": 27
  }
},
{
  "model": "service_development.voiceservicesubelement",
  "pk": 40,
  "fields": {
    "service": 2,
    "creation_date": "2019-05-18T20:32:00.855Z",
    "modification_date": "2019-05-18T20:32:00.855Z",
    "name": "Rice",
    "description": "Rice crop",
    "voice_label": 29
  }
},
{
  "model": "service_development.voiceservicesubelement",
  "pk": 41,
  "fields": {
    "service": 2,
    "creation_date": "2019-05-18T20:32:00.856Z",
    "modification_date": "2019-05-18T20:32:00.856Z",
    "name": "Corn",
    "description": "Corn crop",
    "voice_label": 28
  }
},
{
  "model": "service_development.voiceservicesubelement",
  "pk": 42,
  "fields": {
    "service": 2,
    "creation_date": "2019-05-18T20:34:41.746Z",
    "modification_date": "2019-05-18T20:34:41.746Z",
    "name": "Bougouni",
    "description": "Choosing Bougouni region",
    "voice_label": 42
  }
},
{
  "model": "service_development.voiceservicesubelement",
  "pk": 43,
  "fields": {
    "service": 2,
    "creation_date": "2019-05-18T20:34:41.747Z",
    "modification_date": "2019-05-18T20:34:41.747Z",
    "name": "Kadiolo",
    "description": "Choosing Kadiolo region",
    "voice_label": 43
  }
},
{
  "model": "service_development.voiceservicesubelement",
  "pk": 44,
  "fields": {
    "service": 2,
    "creation_date": "2019-05-18T20:34:41.748Z",
    "modification_date": "2019-05-18T20:34:41.748Z",
    "name": "Kolondieba",
    "description": "Choosing Kolondieba region",
    "voice_label": 44
  }
},
{
  "model": "service_development.voiceservicesubelement",
  "pk": 45,
  "fields": {
    "service": 2,
    "creation_date": "2019-05-18T20:34:41.748Z",
    "modification_date": "2019-05-18T20:34:41.748Z",
    "name": "Koutiala",
    "description": "Choosing Koutiala region",
    "voice_label": 45
  }
},
{
  "model": "service_development.voiceservicesubelement",
  "pk": 46,
  "fields": {
    "service": 2,
    "creation_date": "2019-05-18T20:34:41.749Z",
    "modification_date": "2019-05-18T20:34:41.749Z",
    "name": "Yanfolila",
    "description": "Choosing Yanfolila region",
    "voice_label": 46
  }
},
{
  "model": "service_development.voiceservicesubelement",
  "pk": 47,
  "fields": {
    "service": 2,
    "creation_date": "2019-05-18T20:34:41.750Z",
    "modification_date": "2019-05-18T20:34:41.750Z",
    "name": "Yorosso",
    "description": "Choosing Yorosso region",
    "voice_label": 47
  }
},
{
  "model": "service_development.voiceservicesubelement",
  "pk": 48,
  "fields": {
    "service": 2,
    "creation_date": "2019-05-19T11:07:57.315Z",
    "modification_date": "2019-05-19T12:13:43.407Z",
    "name": "millet-prediction-no",
    "description": "",
    "voice_label": 41
  }
},
{
  "model": "service_development.voiceservicesubelement",
  "pk": 49,
  "fields": {
    "service": 2,
    "creation_date": "2019-05-19T11:08:20.507Z",
    "modification_date": "2019-05-19T12:13:35.685Z",
    "name": "rice-prediction-no",
    "description": "",
    "voice_label": 39
  }
},
{
  "model": "service_development.voiceservicesubelement",
  "pk": 50,
  "fields": {
    "service": 2,
    "creation_date": "2019-05-19T11:08:41.476Z",
    "modification_date": "2019-05-19T12:13:28.335Z",
    "name": "corn-prediction-no",
    "description": "",
    "voice_label": 40
  }
},
{
  "model": "service_development.voiceserviceelement",
  "pk": 2,
  "fields": {}
},
{
  "model": "service_development.voiceserviceelement",
  "pk": 5,
  "fields": {}
},
{
  "model": "service_development.voiceserviceelement",
  "pk": 6,
  "fields": {}
},
{
  "model": "service_development.voiceserviceelement",
  "pk": 7,
  "fields": {}
},
{
  "model": "service_development.voiceserviceelement",
  "pk": 8,
  "fields": {}
},
{
  "model": "service_development.voiceserviceelement",
  "pk": 12,
  "fields": {}
},
{
  "model": "service_development.voiceserviceelement",
  "pk": 13,
  "fields": {}
},
{
  "model": "service_development.voiceserviceelement",
  "pk": 15,
  "fields": {}
},
{
  "model": "service_development.voiceserviceelement",
  "pk": 16,
  "fields": {}
},
{
  "model": "service_development.voiceserviceelement",
  "pk": 17,
  "fields": {}
},
{
  "model": "service_development.voiceserviceelement",
  "pk": 18,
  "fields": {}
},
{
  "model": "service_development.voiceserviceelement",
  "pk": 22,
  "fields": {}
},
{
  "model": "service_development.voiceserviceelement",
  "pk": 26,
  "fields": {}
},
{
  "model": "service_development.voiceserviceelement",
  "pk": 30,
  "fields": {}
},
{
  "model": "service_development.voiceserviceelement",
  "pk": 34,
  "fields": {}
},
{
  "model": "service_development.voiceserviceelement",
  "pk": 38,
  "fields": {}
},
{
  "model": "service_development.voiceserviceelement",
  "pk": 48,
  "fields": {}
},
{
  "model": "service_development.voiceserviceelement",
  "pk": 49,
  "fields": {}
},
{
  "model": "service_development.voiceserviceelement",
  "pk": 50,
  "fields": {}
},
{
  "model": "service_development.voiceservice",
  "pk": 1,
  "fields": {
    "name": "King's truth checker",
    "description": "Checks the user's knowledge about the king of the Netherlands",
    "creation_date": "2017-04-23T19:23:52.392Z",
    "modification_date": "2019-04-17T10:26:18.386Z",
    "active": false,
    "_start_element": 2,
    "registration": "preferred",
    "registration_language": true,
    "registration_name": false,
    "supported_languages": [
      1,
      2,
      3
    ]
  }
},
{
  "model": "service_development.voiceservice",
  "pk": 2,
  "fields": {
    "name": "MeteoPaysan",
    "description": "Voice service for the MeteoPaysan application.",
    "creation_date": "2019-04-17T10:26:02.628Z",
    "modification_date": "2019-04-23T15:10:29.362Z",
    "active": true,
    "_start_element": 13,
    "registration": "preferred",
    "registration_language": true,
    "registration_name": false,
    "supported_languages": [
      2,
      3
    ]
  }
},
{
  "model": "service_development.kasadakauser",
  "pk": 1,
  "fields": {
    "caller_id": "456",
    "first_name": "Henk",
    "last_name": "Ernia",
    "creation_date": "2018-02-02T11:10:27.670Z",
    "modification_date": "2018-02-12T14:44:24.019Z",
    "language": 1,
    "service": 1
  }
},
{
  "model": "service_development.callsession",
  "pk": 1,
  "fields": {
    "start": "2019-04-23T14:42:03.381Z",
    "end": "2019-04-23T14:59:05.440Z",
    "user": null,
    "caller_id": null,
    "service": 2,
    "_language": 2
  }
},
{
  "model": "service_development.callsession",
  "pk": 2,
  "fields": {
    "start": "2019-04-23T15:01:54.784Z",
    "end": "2019-04-23T15:15:59.495Z",
    "user": null,
    "caller_id": null,
    "service": 2,
    "_language": 2
  }
},
{
  "model": "service_development.callsession",
  "pk": 3,
  "fields": {
    "start": "2019-04-23T15:30:32.661Z",
    "end": null,
    "user": null,
    "caller_id": null,
    "service": 2,
    "_language": null
  }
},
{
  "model": "service_development.callsession",
  "pk": 4,
  "fields": {
    "start": "2019-04-25T19:17:28.012Z",
    "end": null,
    "user": null,
    "caller_id": null,
    "service": 1,
    "_language": null
  }
},
{
  "model": "service_development.callsession",
  "pk": 5,
  "fields": {
    "start": "2019-04-25T19:18:54.003Z",
    "end": null,
    "user": null,
    "caller_id": null,
    "service": 1,
    "_language": null
  }
},
{
  "model": "service_development.callsession",
  "pk": 6,
  "fields": {
    "start": "2019-04-25T19:35:27.518Z",
    "end": "2019-04-26T18:24:21.358Z",
    "user": null,
    "caller_id": null,
    "service": 2,
    "_language": 3
  }
},
{
  "model": "service_development.callsession",
  "pk": 7,
  "fields": {
    "start": "2019-04-26T18:13:02.744Z",
    "end": null,
    "user": null,
    "caller_id": null,
    "service": 2,
    "_language": null
  }
},
{
  "model": "service_development.callsession",
  "pk": 8,
  "fields": {
    "start": "2019-04-26T18:15:13.572Z",
    "end": null,
    "user": null,
    "caller_id": "1234",
    "service": 2,
    "_language": null
  }
},
{
  "model": "service_development.callsession",
  "pk": 9,
  "fields": {
    "start": "2019-04-26T18:15:22.010Z",
    "end": null,
    "user": null,
    "caller_id": "admin",
    "service": 2,
    "_language": null
  }
},
{
  "model": "service_development.callsession",
  "pk": 10,
  "fields": {
    "start": "2019-04-26T18:15:52.767Z",
    "end": null,
    "user": null,
    "caller_id": "1",
    "service": 2,
    "_language": null
  }
},
{
  "model": "service_development.callsession",
  "pk": 11,
  "fields": {
    "start": "2019-04-26T18:15:57.343Z",
    "end": null,
    "user": null,
    "caller_id": "1",
    "service": 2,
    "_language": null
  }
},
{
  "model": "service_development.callsession",
  "pk": 12,
  "fields": {
    "start": "2019-04-26T18:15:59.693Z",
    "end": null,
    "user": null,
    "caller_id": "1",
    "service": 2,
    "_language": null
  }
},
{
  "model": "service_development.callsession",
  "pk": 13,
  "fields": {
    "start": "2019-04-26T18:18:37.493Z",
    "end": null,
    "user": null,
    "caller_id": "456",
    "service": 2,
    "_language": null
  }
},
{
  "model": "service_development.callsession",
  "pk": 14,
  "fields": {
    "start": "2019-04-26T18:18:53.137Z",
    "end": null,
    "user": null,
    "caller_id": "1",
    "service": 2,
    "_language": null
  }
},
{
  "model": "service_development.callsession",
  "pk": 15,
  "fields": {
    "start": "2019-04-26T18:18:56.210Z",
    "end": null,
    "user": null,
    "caller_id": "456",
    "service": 2,
    "_language": null
  }
},
{
  "model": "service_development.callsession",
  "pk": 16,
  "fields": {
    "start": "2019-04-26T18:22:37.916Z",
    "end": "2019-04-26T18:26:53.982Z",
    "user": null,
    "caller_id": null,
    "service": 2,
    "_language": 3
  }
},
{
  "model": "service_development.callsession",
  "pk": 17,
  "fields": {
    "start": "2019-04-27T11:19:35.404Z",
    "end": "2019-05-18T20:48:06.946Z",
    "user": null,
    "caller_id": null,
    "service": 2,
    "_language": 2
  }
},
{
  "model": "service_development.callsession",
  "pk": 18,
  "fields": {
    "start": "2019-05-01T11:06:53.418Z",
    "end": "2019-05-13T15:52:09.586Z",
    "user": null,
    "caller_id": null,
    "service": 2,
    "_language": 2
  }
},
{
  "model": "service_development.callsessionstep",
  "pk": 1,
  "fields": {
    "time": "2019-04-23T14:42:03.584Z",
    "session": 1,
    "_visited_element": 13,
    "description": null
  }
},
{
  "model": "service_development.callsessionstep",
  "pk": 2,
  "fields": {
    "time": "2019-04-23T14:45:55.524Z",
    "session": 1,
    "_visited_element": 13,
    "description": null
  }
},
{
  "model": "service_development.callsessionstep",
  "pk": 3,
  "fields": {
    "time": "2019-04-23T14:46:22.982Z",
    "session": 1,
    "_visited_element": 8,
    "description": null
  }
},
{
  "model": "service_development.callsessionstep",
  "pk": 4,
  "fields": {
    "time": "2019-04-23T14:57:55.532Z",
    "session": 1,
    "_visited_element": 8,
    "description": null
  }
},
{
  "model": "service_development.callsessionstep",
  "pk": 5,
  "fields": {
    "time": "2019-04-23T14:59:05.465Z",
    "session": 1,
    "_visited_element": 17,
    "description": null
  }
},
{
  "model": "service_development.callsessionstep",
  "pk": 6,
  "fields": {
    "time": "2019-04-23T15:01:54.989Z",
    "session": 2,
    "_visited_element": 13,
    "description": null
  }
},
{
  "model": "service_development.callsessionstep",
  "pk": 7,
  "fields": {
    "time": "2019-04-23T15:08:10.683Z",
    "session": 2,
    "_visited_element": 13,
    "description": null
  }
},
{
  "model": "service_development.callsessionstep",
  "pk": 8,
  "fields": {
    "time": "2019-04-23T15:09:44.081Z",
    "session": 2,
    "_visited_element": 13,
    "description": null
  }
},
{
  "model": "service_development.callsessionstep",
  "pk": 9,
  "fields": {
    "time": "2019-04-23T15:10:33.220Z",
    "session": 2,
    "_visited_element": 13,
    "description": null
  }
},
{
  "model": "service_development.callsessionstep",
  "pk": 10,
  "fields": {
    "time": "2019-04-23T15:10:36.676Z",
    "session": 2,
    "_visited_element": 13,
    "description": null
  }
},
{
  "model": "service_development.callsessionstep",
  "pk": 11,
  "fields": {
    "time": "2019-04-23T15:15:59.540Z",
    "session": 2,
    "_visited_element": 13,
    "description": null
  }
},
{
  "model": "service_development.callsessionstep",
  "pk": 12,
  "fields": {
    "time": "2019-04-25T19:47:02.094Z",
    "session": 6,
    "_visited_element": null,
    "description": "Language selected, English"
  }
},
{
  "model": "service_development.callsessionstep",
  "pk": 13,
  "fields": {
    "time": "2019-04-25T19:48:14.129Z",
    "session": 6,
    "_visited_element": 13,
    "description": null
  }
},
{
  "model": "service_development.callsessionstep",
  "pk": 14,
  "fields": {
    "time": "2019-04-25T19:58:30.282Z",
    "session": 6,
    "_visited_element": 13,
    "description": null
  }
},
{
  "model": "service_development.callsessionstep",
  "pk": 15,
  "fields": {
    "time": "2019-04-25T19:59:10.181Z",
    "session": 6,
    "_visited_element": 8,
    "description": null
  }
},
{
  "model": "service_development.callsessionstep",
  "pk": 16,
  "fields": {
    "time": "2019-04-25T20:00:24.456Z",
    "session": 6,
    "_visited_element": 15,
    "description": null
  }
},
{
  "model": "service_development.callsessionstep",
  "pk": 17,
  "fields": {
    "time": "2019-04-25T20:00:34.161Z",
    "session": 6,
    "_visited_element": 12,
    "description": null
  }
},
{
  "model": "service_development.callsessionstep",
  "pk": 18,
  "fields": {
    "time": "2019-04-26T17:38:59.999Z",
    "session": 6,
    "_visited_element": null,
    "description": "Language selected, English"
  }
},
{
  "model": "service_development.callsessionstep",
  "pk": 19,
  "fields": {
    "time": "2019-04-26T17:39:29.942Z",
    "session": 6,
    "_visited_element": 13,
    "description": null
  }
},
{
  "model": "service_development.callsessionstep",
  "pk": 20,
  "fields": {
    "time": "2019-04-26T17:56:58.861Z",
    "session": 6,
    "_visited_element": 8,
    "description": null
  }
},
{
  "model": "service_development.callsessionstep",
  "pk": 21,
  "fields": {
    "time": "2019-04-26T17:57:11.572Z",
    "session": 6,
    "_visited_element": 15,
    "description": null
  }
},
{
  "model": "service_development.callsessionstep",
  "pk": 22,
  "fields": {
    "time": "2019-04-26T17:57:34.281Z",
    "session": 6,
    "_visited_element": 15,
    "description": null
  }
},
{
  "model": "service_development.callsessionstep",
  "pk": 23,
  "fields": {
    "time": "2019-04-26T17:58:50.993Z",
    "session": 6,
    "_visited_element": 15,
    "description": null
  }
},
{
  "model": "service_development.callsessionstep",
  "pk": 24,
  "fields": {
    "time": "2019-04-26T17:59:00.938Z",
    "session": 6,
    "_visited_element": 15,
    "description": null
  }
},
{
  "model": "service_development.callsessionstep",
  "pk": 25,
  "fields": {
    "time": "2019-04-26T17:59:29.481Z",
    "session": 6,
    "_visited_element": 15,
    "description": null
  }
},
{
  "model": "service_development.callsessionstep",
  "pk": 26,
  "fields": {
    "time": "2019-04-26T17:59:37.966Z",
    "session": 6,
    "_visited_element": 12,
    "description": null
  }
},
{
  "model": "service_development.callsessionstep",
  "pk": 27,
  "fields": {
    "time": "2019-04-26T18:06:59.527Z",
    "session": 6,
    "_visited_element": 15,
    "description": null
  }
},
{
  "model": "service_development.callsessionstep",
  "pk": 28,
  "fields": {
    "time": "2019-04-26T18:07:10.162Z",
    "session": 6,
    "_visited_element": 15,
    "description": null
  }
},
{
  "model": "service_development.callsessionstep",
  "pk": 29,
  "fields": {
    "time": "2019-04-26T18:07:47.693Z",
    "session": 6,
    "_visited_element": 15,
    "description": null
  }
},
{
  "model": "service_development.callsessionstep",
  "pk": 30,
  "fields": {
    "time": "2019-04-26T18:08:34.324Z",
    "session": 6,
    "_visited_element": 8,
    "description": null
  }
},
{
  "model": "service_development.callsessionstep",
  "pk": 31,
  "fields": {
    "time": "2019-04-26T18:08:49.343Z",
    "session": 6,
    "_visited_element": 8,
    "description": null
  }
},
{
  "model": "service_development.callsessionstep",
  "pk": 32,
  "fields": {
    "time": "2019-04-26T18:10:04.127Z",
    "session": 6,
    "_visited_element": 8,
    "description": null
  }
},
{
  "model": "service_development.callsessionstep",
  "pk": 33,
  "fields": {
    "time": "2019-04-26T18:10:20.584Z",
    "session": 6,
    "_visited_element": 8,
    "description": null
  }
},
{
  "model": "service_development.callsessionstep",
  "pk": 34,
  "fields": {
    "time": "2019-04-26T18:22:16.831Z",
    "session": 6,
    "_visited_element": 8,
    "description": null
  }
},
{
  "model": "service_development.callsessionstep",
  "pk": 35,
  "fields": {
    "time": "2019-04-26T18:23:22.564Z",
    "session": 6,
    "_visited_element": null,
    "description": "Language selected, Nederlands"
  }
},
{
  "model": "service_development.callsessionstep",
  "pk": 36,
  "fields": {
    "time": "2019-04-26T18:24:21.374Z",
    "session": 6,
    "_visited_element": null,
    "description": "Language selected, Francais"
  }
},
{
  "model": "service_development.callsessionstep",
  "pk": 37,
  "fields": {
    "time": "2019-04-26T18:25:12.305Z",
    "session": 16,
    "_visited_element": null,
    "description": "Language selected, Francais"
  }
},
{
  "model": "service_development.callsessionstep",
  "pk": 38,
  "fields": {
    "time": "2019-04-26T18:26:45.573Z",
    "session": 16,
    "_visited_element": 13,
    "description": null
  }
},
{
  "model": "service_development.callsessionstep",
  "pk": 39,
  "fields": {
    "time": "2019-04-26T18:26:53.991Z",
    "session": 16,
    "_visited_element": 8,
    "description": null
  }
},
{
  "model": "service_development.callsessionstep",
  "pk": 40,
  "fields": {
    "time": "2019-04-27T11:20:59.219Z",
    "session": 17,
    "_visited_element": null,
    "description": "Language selected, Nederlands"
  }
},
{
  "model": "service_development.callsessionstep",
  "pk": 41,
  "fields": {
    "time": "2019-04-27T11:22:15.739Z",
    "session": 17,
    "_visited_element": null,
    "description": "Language selected, Nederlands"
  }
},
{
  "model": "service_development.callsessionstep",
  "pk": 42,
  "fields": {
    "time": "2019-04-27T11:22:33.800Z",
    "session": 17,
    "_visited_element": null,
    "description": "Language selected, Nederlands"
  }
},
{
  "model": "service_development.callsessionstep",
  "pk": 43,
  "fields": {
    "time": "2019-04-27T11:22:35.577Z",
    "session": 17,
    "_visited_element": null,
    "description": "Language selected, Nederlands"
  }
},
{
  "model": "service_development.callsessionstep",
  "pk": 44,
  "fields": {
    "time": "2019-04-27T11:22:36.408Z",
    "session": 17,
    "_visited_element": null,
    "description": "Language selected, Nederlands"
  }
},
{
  "model": "service_development.callsessionstep",
  "pk": 45,
  "fields": {
    "time": "2019-04-27T11:23:31.039Z",
    "session": 17,
    "_visited_element": null,
    "description": "Language selected, Nederlands"
  }
},
{
  "model": "service_development.callsessionstep",
  "pk": 46,
  "fields": {
    "time": "2019-04-27T11:25:39.274Z",
    "session": 17,
    "_visited_element": null,
    "description": "Language selected, English"
  }
},
{
  "model": "service_development.callsessionstep",
  "pk": 47,
  "fields": {
    "time": "2019-04-27T11:27:04.689Z",
    "session": 17,
    "_visited_element": 13,
    "description": null
  }
},
{
  "model": "service_development.callsessionstep",
  "pk": 48,
  "fields": {
    "time": "2019-04-27T12:04:13.335Z",
    "session": 17,
    "_visited_element": 8,
    "description": null
  }
},
{
  "model": "service_development.callsessionstep",
  "pk": 49,
  "fields": {
    "time": "2019-04-28T11:53:44.413Z",
    "session": 17,
    "_visited_element": 13,
    "description": null
  }
},
{
  "model": "service_development.callsessionstep",
  "pk": 50,
  "fields": {
    "time": "2019-04-28T11:54:56.607Z",
    "session": 17,
    "_visited_element": 13,
    "description": null
  }
},
{
  "model": "service_development.callsessionstep",
  "pk": 51,
  "fields": {
    "time": "2019-04-28T11:56:14.878Z",
    "session": 17,
    "_visited_element": 13,
    "description": null
  }
},
{
  "model": "service_development.callsessionstep",
  "pk": 52,
  "fields": {
    "time": "2019-04-28T11:59:53.876Z",
    "session": 17,
    "_visited_element": 13,
    "description": null
  }
},
{
  "model": "service_development.callsessionstep",
  "pk": 53,
  "fields": {
    "time": "2019-04-28T12:01:11.440Z",
    "session": 17,
    "_visited_element": 13,
    "description": null
  }
},
{
  "model": "service_development.callsessionstep",
  "pk": 54,
  "fields": {
    "time": "2019-04-28T12:01:42.965Z",
    "session": 17,
    "_visited_element": 13,
    "description": null
  }
},
{
  "model": "service_development.callsessionstep",
  "pk": 55,
  "fields": {
    "time": "2019-04-28T12:08:32.581Z",
    "session": 17,
    "_visited_element": 13,
    "description": null
  }
},
{
  "model": "service_development.callsessionstep",
  "pk": 56,
  "fields": {
    "time": "2019-04-28T12:10:05.065Z",
    "session": 17,
    "_visited_element": 13,
    "description": null
  }
},
{
  "model": "service_development.callsessionstep",
  "pk": 57,
  "fields": {
    "time": "2019-04-28T12:10:58.644Z",
    "session": 17,
    "_visited_element": 13,
    "description": null
  }
},
{
  "model": "service_development.callsessionstep",
  "pk": 58,
  "fields": {
    "time": "2019-04-28T12:12:19.783Z",
    "session": 17,
    "_visited_element": 13,
    "description": null
  }
},
{
  "model": "service_development.callsessionstep",
  "pk": 59,
  "fields": {
    "time": "2019-04-28T12:15:33.968Z",
    "session": 17,
    "_visited_element": 8,
    "description": null
  }
},
{
  "model": "service_development.callsessionstep",
  "pk": 60,
  "fields": {
    "time": "2019-04-28T12:16:13.354Z",
    "session": 17,
    "_visited_element": 13,
    "description": null
  }
},
{
  "model": "service_development.callsessionstep",
  "pk": 61,
  "fields": {
    "time": "2019-04-28T12:16:25.421Z",
    "session": 17,
    "_visited_element": 13,
    "description": null
  }
},
{
  "model": "service_development.callsessionstep",
  "pk": 62,
  "fields": {
    "time": "2019-04-28T12:21:50.332Z",
    "session": 17,
    "_visited_element": 13,
    "description": null
  }
},
{
  "model": "service_development.callsessionstep",
  "pk": 63,
  "fields": {
    "time": "2019-04-28T12:54:23.361Z",
    "session": 17,
    "_visited_element": 13,
    "description": null
  }
},
{
  "model": "service_development.callsessionstep",
  "pk": 64,
  "fields": {
    "time": "2019-04-28T12:54:53.940Z",
    "session": 17,
    "_visited_element": 13,
    "description": null
  }
},
{
  "model": "service_development.callsessionstep",
  "pk": 65,
  "fields": {
    "time": "2019-04-28T12:55:09.408Z",
    "session": 17,
    "_visited_element": 13,
    "description": null
  }
},
{
  "model": "service_development.callsessionstep",
  "pk": 66,
  "fields": {
    "time": "2019-04-28T12:59:26.614Z",
    "session": 17,
    "_visited_element": 13,
    "description": null
  }
},
{
  "model": "service_development.callsessionstep",
  "pk": 67,
  "fields": {
    "time": "2019-04-28T12:59:50.712Z",
    "session": 17,
    "_visited_element": 13,
    "description": null
  }
},
{
  "model": "service_development.callsessionstep",
  "pk": 68,
  "fields": {
    "time": "2019-04-28T13:00:35.420Z",
    "session": 17,
    "_visited_element": 13,
    "description": null
  }
},
{
  "model": "service_development.callsessionstep",
  "pk": 69,
  "fields": {
    "time": "2019-04-28T13:01:30.551Z",
    "session": 17,
    "_visited_element": 13,
    "description": null
  }
},
{
  "model": "service_development.callsessionstep",
  "pk": 70,
  "fields": {
    "time": "2019-04-28T13:03:39.737Z",
    "session": 17,
    "_visited_element": 13,
    "description": null
  }
},
{
  "model": "service_development.callsessionstep",
  "pk": 71,
  "fields": {
    "time": "2019-04-28T13:03:56.756Z",
    "session": 17,
    "_visited_element": 13,
    "description": null
  }
},
{
  "model": "service_development.callsessionstep",
  "pk": 72,
  "fields": {
    "time": "2019-04-28T18:25:49.231Z",
    "session": 17,
    "_visited_element": 13,
    "description": null
  }
},
{
  "model": "service_development.callsessionstep",
  "pk": 73,
  "fields": {
    "time": "2019-04-28T18:26:24.818Z",
    "session": 17,
    "_visited_element": 13,
    "description": null
  }
},
{
  "model": "service_development.callsessionstep",
  "pk": 74,
  "fields": {
    "time": "2019-04-28T18:29:40.640Z",
    "session": 17,
    "_visited_element": 13,
    "description": null
  }
},
{
  "model": "service_development.callsessionstep",
  "pk": 75,
  "fields": {
    "time": "2019-04-28T18:29:47.658Z",
    "session": 17,
    "_visited_element": 13,
    "description": null
  }
},
{
  "model": "service_development.callsessionstep",
  "pk": 76,
  "fields": {
    "time": "2019-04-28T18:31:13.085Z",
    "session": 17,
    "_visited_element": 13,
    "description": null
  }
},
{
  "model": "service_development.callsessionstep",
  "pk": 77,
  "fields": {
    "time": "2019-04-28T18:32:26.719Z",
    "session": 17,
    "_visited_element": 13,
    "description": null
  }
},
{
  "model": "service_development.callsessionstep",
  "pk": 78,
  "fields": {
    "time": "2019-04-28T18:40:30.178Z",
    "session": 17,
    "_visited_element": 13,
    "description": null
  }
},
{
  "model": "service_development.callsessionstep",
  "pk": 79,
  "fields": {
    "time": "2019-04-28T18:49:57.327Z",
    "session": 17,
    "_visited_element": 13,
    "description": null
  }
},
{
  "model": "service_development.callsessionstep",
  "pk": 80,
  "fields": {
    "time": "2019-04-28T20:09:13.363Z",
    "session": 17,
    "_visited_element": 8,
    "description": null
  }
},
{
  "model": "service_development.callsessionstep",
  "pk": 81,
  "fields": {
    "time": "2019-04-28T20:09:55.021Z",
    "session": 17,
    "_visited_element": 17,
    "description": null
  }
},
{
  "model": "service_development.callsessionstep",
  "pk": 82,
  "fields": {
    "time": "2019-04-28T20:10:06.192Z",
    "session": 17,
    "_visited_element": 12,
    "description": null
  }
},
{
  "model": "service_development.callsessionstep",
  "pk": 83,
  "fields": {
    "time": "2019-05-01T11:08:03.851Z",
    "session": 18,
    "_visited_element": null,
    "description": "Language selected, Nederlands"
  }
},
{
  "model": "service_development.callsessionstep",
  "pk": 84,
  "fields": {
    "time": "2019-05-01T11:11:21.733Z",
    "session": 18,
    "_visited_element": null,
    "description": "Language selected, English"
  }
},
{
  "model": "service_development.callsessionstep",
  "pk": 85,
  "fields": {
    "time": "2019-05-13T13:35:39.965Z",
    "session": 18,
    "_visited_element": 8,
    "description": null
  }
},
{
  "model": "service_development.callsessionstep",
  "pk": 86,
  "fields": {
    "time": "2019-05-13T13:42:28.178Z",
    "session": 18,
    "_visited_element": 8,
    "description": null
  }
},
{
  "model": "service_development.callsessionstep",
  "pk": 87,
  "fields": {
    "time": "2019-05-13T13:43:49.898Z",
    "session": 18,
    "_visited_element": 8,
    "description": null
  }
},
{
  "model": "service_development.callsessionstep",
  "pk": 88,
  "fields": {
    "time": "2019-05-13T13:44:46.250Z",
    "session": 18,
    "_visited_element": 8,
    "description": null
  }
},
{
  "model": "service_development.callsessionstep",
  "pk": 89,
  "fields": {
    "time": "2019-05-13T13:44:58.403Z",
    "session": 18,
    "_visited_element": 8,
    "description": null
  }
},
{
  "model": "service_development.callsessionstep",
  "pk": 90,
  "fields": {
    "time": "2019-05-13T13:46:36.385Z",
    "session": 18,
    "_visited_element": 8,
    "description": null
  }
},
{
  "model": "service_development.callsessionstep",
  "pk": 91,
  "fields": {
    "time": "2019-05-13T13:47:14.999Z",
    "session": 18,
    "_visited_element": 8,
    "description": null
  }
},
{
  "model": "service_development.callsessionstep",
  "pk": 92,
  "fields": {
    "time": "2019-05-13T13:48:04.705Z",
    "session": 18,
    "_visited_element": 8,
    "description": null
  }
},
{
  "model": "service_development.callsessionstep",
  "pk": 93,
  "fields": {
    "time": "2019-05-13T13:49:20.869Z",
    "session": 18,
    "_visited_element": 8,
    "description": null
  }
},
{
  "model": "service_development.callsessionstep",
  "pk": 94,
  "fields": {
    "time": "2019-05-13T13:51:16.612Z",
    "session": 18,
    "_visited_element": 8,
    "description": null
  }
},
{
  "model": "service_development.callsessionstep",
  "pk": 95,
  "fields": {
    "time": "2019-05-13T13:53:01.147Z",
    "session": 18,
    "_visited_element": 8,
    "description": null
  }
},
{
  "model": "service_development.callsessionstep",
  "pk": 96,
  "fields": {
    "time": "2019-05-13T13:54:01.517Z",
    "session": 18,
    "_visited_element": 8,
    "description": null
  }
},
{
  "model": "service_development.callsessionstep",
  "pk": 97,
  "fields": {
    "time": "2019-05-13T13:54:34.528Z",
    "session": 18,
    "_visited_element": 8,
    "description": null
  }
},
{
  "model": "service_development.callsessionstep",
  "pk": 98,
  "fields": {
    "time": "2019-05-13T13:56:42.006Z",
    "session": 18,
    "_visited_element": 8,
    "description": null
  }
},
{
  "model": "service_development.callsessionstep",
  "pk": 99,
  "fields": {
    "time": "2019-05-13T13:57:03.688Z",
    "session": 18,
    "_visited_element": 8,
    "description": null
  }
},
{
  "model": "service_development.callsessionstep",
  "pk": 100,
  "fields": {
    "time": "2019-05-13T13:58:42.463Z",
    "session": 18,
    "_visited_element": 8,
    "description": null
  }
},
{
  "model": "service_development.callsessionstep",
  "pk": 101,
  "fields": {
    "time": "2019-05-13T13:58:59.224Z",
    "session": 18,
    "_visited_element": 8,
    "description": null
  }
},
{
  "model": "service_development.callsessionstep",
  "pk": 102,
  "fields": {
    "time": "2019-05-13T13:59:13.505Z",
    "session": 18,
    "_visited_element": 8,
    "description": null
  }
},
{
  "model": "service_development.callsessionstep",
  "pk": 103,
  "fields": {
    "time": "2019-05-13T14:00:28.628Z",
    "session": 18,
    "_visited_element": 8,
    "description": null
  }
},
{
  "model": "service_development.callsessionstep",
  "pk": 104,
  "fields": {
    "time": "2019-05-13T14:01:05.621Z",
    "session": 18,
    "_visited_element": 8,
    "description": null
  }
},
{
  "model": "service_development.callsessionstep",
  "pk": 105,
  "fields": {
    "time": "2019-05-13T14:01:24.526Z",
    "session": 18,
    "_visited_element": 8,
    "description": null
  }
},
{
  "model": "service_development.callsessionstep",
  "pk": 106,
  "fields": {
    "time": "2019-05-13T14:01:38.464Z",
    "session": 18,
    "_visited_element": 8,
    "description": null
  }
},
{
  "model": "service_development.callsessionstep",
  "pk": 107,
  "fields": {
    "time": "2019-05-13T14:02:30.144Z",
    "session": 18,
    "_visited_element": 8,
    "description": null
  }
},
{
  "model": "service_development.callsessionstep",
  "pk": 108,
  "fields": {
    "time": "2019-05-13T14:02:41.809Z",
    "session": 18,
    "_visited_element": 8,
    "description": null
  }
},
{
  "model": "service_development.callsessionstep",
  "pk": 109,
  "fields": {
    "time": "2019-05-13T14:03:04.932Z",
    "session": 18,
    "_visited_element": 8,
    "description": null
  }
},
{
  "model": "service_development.callsessionstep",
  "pk": 110,
  "fields": {
    "time": "2019-05-13T14:03:26.151Z",
    "session": 18,
    "_visited_element": 8,
    "description": null
  }
},
{
  "model": "service_development.callsessionstep",
  "pk": 111,
  "fields": {
    "time": "2019-05-13T14:06:02.506Z",
    "session": 18,
    "_visited_element": 8,
    "description": null
  }
},
{
  "model": "service_development.callsessionstep",
  "pk": 112,
  "fields": {
    "time": "2019-05-13T14:06:19.694Z",
    "session": 18,
    "_visited_element": 8,
    "description": null
  }
},
{
  "model": "service_development.callsessionstep",
  "pk": 113,
  "fields": {
    "time": "2019-05-13T14:09:53.344Z",
    "session": 18,
    "_visited_element": 8,
    "description": null
  }
},
{
  "model": "service_development.callsessionstep",
  "pk": 114,
  "fields": {
    "time": "2019-05-13T14:11:13.506Z",
    "session": 18,
    "_visited_element": 8,
    "description": null
  }
},
{
  "model": "service_development.callsessionstep",
  "pk": 115,
  "fields": {
    "time": "2019-05-13T14:11:25.380Z",
    "session": 18,
    "_visited_element": 8,
    "description": null
  }
},
{
  "model": "service_development.callsessionstep",
  "pk": 116,
  "fields": {
    "time": "2019-05-13T14:12:22.571Z",
    "session": 18,
    "_visited_element": 8,
    "description": null
  }
},
{
  "model": "service_development.callsessionstep",
  "pk": 117,
  "fields": {
    "time": "2019-05-13T14:14:11.988Z",
    "session": 18,
    "_visited_element": 8,
    "description": null
  }
},
{
  "model": "service_development.callsessionstep",
  "pk": 118,
  "fields": {
    "time": "2019-05-13T14:15:07.104Z",
    "session": 18,
    "_visited_element": 8,
    "description": null
  }
},
{
  "model": "service_development.callsessionstep",
  "pk": 119,
  "fields": {
    "time": "2019-05-13T14:15:36.166Z",
    "session": 18,
    "_visited_element": 8,
    "description": null
  }
},
{
  "model": "service_development.callsessionstep",
  "pk": 120,
  "fields": {
    "time": "2019-05-13T14:16:00.156Z",
    "session": 18,
    "_visited_element": 8,
    "description": null
  }
},
{
  "model": "service_development.callsessionstep",
  "pk": 121,
  "fields": {
    "time": "2019-05-13T14:17:17.746Z",
    "session": 18,
    "_visited_element": 8,
    "description": null
  }
},
{
  "model": "service_development.callsessionstep",
  "pk": 122,
  "fields": {
    "time": "2019-05-13T14:18:36.707Z",
    "session": 18,
    "_visited_element": 8,
    "description": null
  }
},
{
  "model": "service_development.callsessionstep",
  "pk": 123,
  "fields": {
    "time": "2019-05-13T14:24:21.882Z",
    "session": 18,
    "_visited_element": 8,
    "description": null
  }
},
{
  "model": "service_development.callsessionstep",
  "pk": 124,
  "fields": {
    "time": "2019-05-13T14:27:06.338Z",
    "session": 18,
    "_visited_element": 8,
    "description": null
  }
},
{
  "model": "service_development.callsessionstep",
  "pk": 125,
  "fields": {
    "time": "2019-05-13T14:27:56.510Z",
    "session": 18,
    "_visited_element": 8,
    "description": null
  }
},
{
  "model": "service_development.callsessionstep",
  "pk": 126,
  "fields": {
    "time": "2019-05-13T14:28:36.330Z",
    "session": 18,
    "_visited_element": 8,
    "description": null
  }
},
{
  "model": "service_development.callsessionstep",
  "pk": 127,
  "fields": {
    "time": "2019-05-13T14:30:52.808Z",
    "session": 18,
    "_visited_element": 8,
    "description": null
  }
},
{
  "model": "service_development.callsessionstep",
  "pk": 128,
  "fields": {
    "time": "2019-05-13T14:32:32.494Z",
    "session": 18,
    "_visited_element": 8,
    "description": null
  }
},
{
  "model": "service_development.callsessionstep",
  "pk": 129,
  "fields": {
    "time": "2019-05-13T14:33:50.789Z",
    "session": 18,
    "_visited_element": 8,
    "description": null
  }
},
{
  "model": "service_development.callsessionstep",
  "pk": 130,
  "fields": {
    "time": "2019-05-13T14:34:05.762Z",
    "session": 18,
    "_visited_element": 8,
    "description": null
  }
},
{
  "model": "service_development.callsessionstep",
  "pk": 131,
  "fields": {
    "time": "2019-05-13T14:37:56.870Z",
    "session": 18,
    "_visited_element": 8,
    "description": null
  }
},
{
  "model": "service_development.callsessionstep",
  "pk": 132,
  "fields": {
    "time": "2019-05-13T15:50:59.949Z",
    "session": 18,
    "_visited_element": 15,
    "description": null
  }
},
{
  "model": "service_development.callsessionstep",
  "pk": 133,
  "fields": {
    "time": "2019-05-13T15:51:27.125Z",
    "session": 18,
    "_visited_element": 12,
    "description": null
  }
},
{
  "model": "service_development.callsessionstep",
  "pk": 134,
  "fields": {
    "time": "2019-05-18T20:47:22.978Z",
    "session": 17,
    "_visited_element": 13,
    "description": null
  }
},
{
  "model": "service_development.callsessionstep",
  "pk": 135,
  "fields": {
    "time": "2019-05-18T20:48:06.954Z",
    "session": 17,
    "_visited_element": 34,
    "description": null
  }
},
{
  "model": "service_development.callsessionstep",
  "pk": 136,
  "fields": {
    "time": "2019-05-19T11:21:32.951Z",
    "session": 17,
    "_visited_element": 34,
    "description": null
  }
},
{
  "model": "service_development.callsessionstep",
  "pk": 137,
  "fields": {
    "time": "2019-05-19T11:26:37.870Z",
    "session": 17,
    "_visited_element": 13,
    "description": null
  }
},
{
  "model": "service_development.callsessionstep",
  "pk": 138,
  "fields": {
    "time": "2019-05-19T11:27:29.010Z",
    "session": 17,
    "_visited_element": 8,
    "description": null
  }
},
{
  "model": "service_development.choice",
  "pk": 2,
  "fields": {}
},
{
  "model": "service_development.choice",
  "pk": 8,
  "fields": {}
},
{
  "model": "service_development.choice",
  "pk": 13,
  "fields": {}
},
{
  "model": "service_development.choice",
  "pk": 18,
  "fields": {}
},
{
  "model": "service_development.choice",
  "pk": 22,
  "fields": {}
},
{
  "model": "service_development.choice",
  "pk": 26,
  "fields": {}
},
{
  "model": "service_development.choice",
  "pk": 30,
  "fields": {}
},
{
  "model": "service_development.choice",
  "pk": 34,
  "fields": {}
},
{
  "model": "service_development.choice",
  "pk": 38,
  "fields": {}
},
{
  "model": "service_development.choiceoption",
  "pk": 3,
  "fields": {
    "parent": 2,
    "_redirect": 5
  }
},
{
  "model": "service_development.choiceoption",
  "pk": 4,
  "fields": {
    "parent": 2,
    "_redirect": 7
  }
},
{
  "model": "service_development.choiceoption",
  "pk": 9,
  "fields": {
    "parent": 8,
    "_redirect": 17
  }
},
{
  "model": "service_development.choiceoption",
  "pk": 10,
  "fields": {
    "parent": 8,
    "_redirect": 16
  }
},
{
  "model": "service_development.choiceoption",
  "pk": 11,
  "fields": {
    "parent": 8,
    "_redirect": 15
  }
},
{
  "model": "service_development.choiceoption",
  "pk": 14,
  "fields": {
    "parent": 13,
    "_redirect": 8
  }
},
{
  "model": "service_development.choiceoption",
  "pk": 19,
  "fields": {
    "parent": 18,
    "_redirect": 17
  }
},
{
  "model": "service_development.choiceoption",
  "pk": 20,
  "fields": {
    "parent": 18,
    "_redirect": 16
  }
},
{
  "model": "service_development.choiceoption",
  "pk": 21,
  "fields": {
    "parent": 18,
    "_redirect": 15
  }
},
{
  "model": "service_development.choiceoption",
  "pk": 23,
  "fields": {
    "parent": 22,
    "_redirect": 17
  }
},
{
  "model": "service_development.choiceoption",
  "pk": 24,
  "fields": {
    "parent": 22,
    "_redirect": 16
  }
},
{
  "model": "service_development.choiceoption",
  "pk": 25,
  "fields": {
    "parent": 22,
    "_redirect": 15
  }
},
{
  "model": "service_development.choiceoption",
  "pk": 27,
  "fields": {
    "parent": 26,
    "_redirect": 17
  }
},
{
  "model": "service_development.choiceoption",
  "pk": 28,
  "fields": {
    "parent": 26,
    "_redirect": 16
  }
},
{
  "model": "service_development.choiceoption",
  "pk": 29,
  "fields": {
    "parent": 26,
    "_redirect": 17
  }
},
{
  "model": "service_development.choiceoption",
  "pk": 31,
  "fields": {
    "parent": 30,
    "_redirect": 17
  }
},
{
  "model": "service_development.choiceoption",
  "pk": 32,
  "fields": {
    "parent": 30,
    "_redirect": 16
  }
},
{
  "model": "service_development.choiceoption",
  "pk": 33,
  "fields": {
    "parent": 30,
    "_redirect": 15
  }
},
{
  "model": "service_development.choiceoption",
  "pk": 35,
  "fields": {
    "parent": 34,
    "_redirect": 17
  }
},
{
  "model": "service_development.choiceoption",
  "pk": 36,
  "fields": {
    "parent": 34,
    "_redirect": 16
  }
},
{
  "model": "service_development.choiceoption",
  "pk": 37,
  "fields": {
    "parent": 34,
    "_redirect": 15
  }
},
{
  "model": "service_development.choiceoption",
  "pk": 39,
  "fields": {
    "parent": 38,
    "_redirect": 17
  }
},
{
  "model": "service_development.choiceoption",
  "pk": 40,
  "fields": {
    "parent": 38,
    "_redirect": 16
  }
},
{
  "model": "service_development.choiceoption",
  "pk": 41,
  "fields": {
    "parent": 38,
    "_redirect": 15
  }
},
{
  "model": "service_development.choiceoption",
  "pk": 42,
  "fields": {
    "parent": 13,
    "_redirect": 18
  }
},
{
  "model": "service_development.choiceoption",
  "pk": 43,
  "fields": {
    "parent": 13,
    "_redirect": 22
  }
},
{
  "model": "service_development.choiceoption",
  "pk": 44,
  "fields": {
    "parent": 13,
    "_redirect": 26
  }
},
{
  "model": "service_development.choiceoption",
  "pk": 45,
  "fields": {
    "parent": 13,
    "_redirect": 30
  }
},
{
  "model": "service_development.choiceoption",
  "pk": 46,
  "fields": {
    "parent": 13,
    "_redirect": 34
  }
},
{
  "model": "service_development.choiceoption",
  "pk": 47,
  "fields": {
    "parent": 13,
    "_redirect": 38
  }
},
{
  "model": "service_development.messagepresentation",
  "pk": 5,
  "fields": {
    "final_element": false,
    "_redirect": 6
  }
},
{
  "model": "service_development.messagepresentation",
  "pk": 6,
  "fields": {
    "final_element": true,
    "_redirect": null
  }
},
{
  "model": "service_development.messagepresentation",
  "pk": 7,
  "fields": {
    "final_element": false,
    "_redirect": 6
  }
},
{
  "model": "service_development.messagepresentation",
  "pk": 12,
  "fields": {
    "final_element": true,
    "_redirect": null
  }
},
{
  "model": "service_development.messagepresentation",
  "pk": 15,
  "fields": {
    "final_element": true,
    "_redirect": null
  }
},
{
  "model": "service_development.messagepresentation",
  "pk": 16,
  "fields": {
    "final_element": true,
    "_redirect": null
  }
},
{
  "model": "service_development.messagepresentation",
  "pk": 17,
  "fields": {
    "final_element": true,
    "_redirect": null
  }
},
{
  "model": "service_development.messagepresentation",
  "pk": 48,
  "fields": {
    "final_element": true,
    "_redirect": null
  }
},
{
  "model": "service_development.messagepresentation",
  "pk": 49,
  "fields": {
    "final_element": true,
    "_redirect": null
  }
},
{
  "model": "service_development.messagepresentation",
  "pk": 50,
  "fields": {
    "final_element": true,
    "_redirect": null
  }
},
{
  "model": "service_development.userinputcategory",
  "pk": 2,
  "fields": {
    "name": "Choice",
    "description": null,
    "service": 2
  }
},
{
  "model": "service_development.userdtmfinput",
  "pk": 1,
  "fields": {
    "session": 17,
    "time": "2019-05-13T15:16:52.121Z",
    "choice": "2",
    "element": 8,
    "description": "millet"
  }
},
{
  "model": "service_development.userdtmfinput",
  "pk": 2,
  "fields": {
    "session": 17,
    "time": "2019-05-13T15:18:19.809Z",
    "choice": "1",
    "element": 13,
    "description": "Sikasso"
  }
},
{
  "model": "service_development.userdtmfinput",
  "pk": 3,
  "fields": {
    "session": 18,
    "time": "2019-05-13T15:21:24.670Z",
    "choice": "1",
    "element": 13,
    "description": "Sikasso"
  }
},
{
  "model": "service_development.userdtmfinput",
  "pk": 4,
  "fields": {
    "session": 18,
    "time": "2019-05-13T15:21:44.507Z",
    "choice": "1",
    "element": 13,
    "description": "Sikasso"
  }
},
{
  "model": "service_development.userdtmfinput",
  "pk": 5,
  "fields": {
    "session": 18,
    "time": "2019-05-13T15:22:01.342Z",
    "choice": "2",
    "element": 8,
    "description": "millet"
  }
},
{
  "model": "service_development.userdtmfinput",
  "pk": 6,
  "fields": {
    "session": 18,
    "time": "2019-05-13T15:25:18.479Z",
    "choice": "2",
    "element": 8,
    "description": "millet"
  }
},
{
  "model": "service_development.userdtmfinput",
  "pk": 7,
  "fields": {
    "session": 18,
    "time": "2019-05-13T15:26:00.285Z",
    "choice": "2",
    "element": 8,
    "description": "millet"
  }
},
{
  "model": "service_development.userdtmfinput",
  "pk": 8,
  "fields": {
    "session": 18,
    "time": "2019-05-13T15:26:31.222Z",
    "choice": "2",
    "element": 8,
    "description": "millet"
  }
},
{
  "model": "service_development.userdtmfinput",
  "pk": 9,
  "fields": {
    "session": 18,
    "time": "2019-05-13T15:26:42.704Z",
    "choice": "2",
    "element": 8,
    "description": "millet"
  }
},
{
  "model": "service_development.userdtmfinput",
  "pk": 10,
  "fields": {
    "session": 18,
    "time": "2019-05-13T15:28:15.453Z",
    "choice": "2",
    "element": 8,
    "description": "millet"
  }
},
{
  "model": "service_development.userdtmfinput",
  "pk": 11,
  "fields": {
    "session": 18,
    "time": "2019-05-13T15:28:37.967Z",
    "choice": "2",
    "element": 8,
    "description": "millet"
  }
},
{
  "model": "service_development.userdtmfinput",
  "pk": 12,
  "fields": {
    "session": 18,
    "time": "2019-05-13T15:29:41.969Z",
    "choice": "2",
    "element": 8,
    "description": "millet"
  }
},
{
  "model": "service_development.userdtmfinput",
  "pk": 13,
  "fields": {
    "session": 18,
    "time": "2019-05-13T15:34:39.038Z",
    "choice": "2",
    "element": 8,
    "description": "millet"
  }
},
{
  "model": "service_development.userdtmfinput",
  "pk": 14,
  "fields": {
    "session": 18,
    "time": "2019-05-13T15:35:33.602Z",
    "choice": "2",
    "element": 8,
    "description": "millet"
  }
},
{
  "model": "service_development.userdtmfinput",
  "pk": 15,
  "fields": {
    "session": 18,
    "time": "2019-05-13T15:35:49.055Z",
    "choice": "2",
    "element": 8,
    "description": "millet"
  }
},
{
  "model": "service_development.userdtmfinput",
  "pk": 16,
  "fields": {
    "session": 18,
    "time": "2019-05-13T15:36:10.865Z",
    "choice": "2",
    "element": 8,
    "description": "millet"
  }
},
{
  "model": "service_development.userdtmfinput",
  "pk": 17,
  "fields": {
    "session": 18,
    "time": "2019-05-13T15:36:44.586Z",
    "choice": "2",
    "element": 8,
    "description": "millet"
  }
},
{
  "model": "service_development.userdtmfinput",
  "pk": 18,
  "fields": {
    "session": 18,
    "time": "2019-05-13T15:50:46.621Z",
    "choice": "2",
    "element": 8,
    "description": "millet"
  }
},
{
  "model": "service_development.userdtmfinput",
  "pk": 19,
  "fields": {
    "session": 18,
    "time": "2019-05-13T15:50:59.929Z",
    "choice": "2",
    "element": 8,
    "description": "millet"
  }
},
{
  "model": "service_development.userdtmfinput",
  "pk": 20,
  "fields": {
    "session": 18,
    "time": "2019-05-13T15:52:09.602Z",
    "choice": "2",
    "element": 8,
    "description": "millet"
  }
},
{
  "model": "service_development.userdtmfinput",
  "pk": 21,
  "fields": {
    "session": 17,
    "time": "2019-05-19T11:22:22.565Z",
    "choice": "1",
    "element": 34,
    "description": "millet"
  }
},
{
  "model": "service_development.userdtmfinput",
  "pk": 22,
  "fields": {
    "session": 17,
    "time": "2019-05-19T11:25:36.926Z",
    "choice": "1",
    "element": 34,
    "description": "millet"
  }
},
{
  "model": "service_development.userdtmfinput",
  "pk": 23,
  "fields": {
    "session": 17,
    "time": "2019-05-19T11:26:53.578Z",
    "choice": "1",
    "element": 13,
    "description": "Sikasso"
  }
},
{
  "model": "service_development.userdtmfinput",
  "pk": 24,
  "fields": {
    "session": 17,
    "time": "2019-05-19T11:27:22.716Z",
    "choice": "1",
    "element": 13,
    "description": "Sikasso"
  }
},
{
  "model": "service_development.userdtmfinput",
  "pk": 25,
  "fields": {
    "session": 17,
    "time": "2019-05-19T11:27:45.607Z",
    "choice": "1",
    "element": 8,
    "description": "millet"
  }
},
{
  "model": "service_development.userdtmfinput",
  "pk": 26,
  "fields": {
    "session": 17,
    "time": "2019-05-19T11:39:15.524Z",
    "choice": "1",
    "element": 8,
    "description": "millet"
  }
},
{
  "model": "service_development.userdtmfinput",
  "pk": 27,
  "fields": {
    "session": 17,
    "time": "2019-05-19T11:39:34.672Z",
    "choice": "1",
    "element": 8,
    "description": "millet"
  }
},
{
  "model": "service_development.userdtmfinput",
  "pk": 28,
  "fields": {
    "session": 17,
    "time": "2019-05-19T11:40:32.216Z",
    "choice": "1",
    "element": 8,
    "description": "millet"
  }
},
{
  "model": "service_development.userdtmfinput",
  "pk": 29,
  "fields": {
    "session": 17,
    "time": "2019-05-19T11:41:26.497Z",
    "choice": "1",
    "element": 8,
    "description": "millet"
  }
},
{
  "model": "service_development.crop",
  "pk": "corn",
  "fields": {
    "clouds": -1.0,
    "clouds_hi": 30.0,
    "clouds_mid": -1.0,
    "clouds_low": 10.0,
    "min_temp": 15.0,
    "max_temp": -1.0,
    "temp": -1.0,
    "precip": -1.0,
    "rh": 0.0,
    "snow": 0.0,
    "snow_depth": 0.0
  }
},
{
  "model": "service_development.crop",
  "pk": "millet",
  "fields": {
    "clouds": -1.0,
    "clouds_hi": -1.0,
    "clouds_mid": -1.0,
    "clouds_low": -1.0,
    "min_temp": 14.0,
    "max_temp": -1.0,
    "temp": -1.0,
    "precip": -1.0,
    "rh": -1.0,
    "snow": 0.0,
    "snow_depth": 0.0
  }
},
{
  "model": "service_development.crop",
  "pk": "rice",
  "fields": {
    "clouds": -1.0,
    "clouds_hi": -1.0,
    "clouds_mid": -1.0,
    "clouds_low": -1.0,
    "min_temp": 16.0,
    "max_temp": 27.0,
    "temp": -1.0,
    "precip": -1.0,
    "rh": 0.0,
    "snow": 0.0,
    "snow_depth": 0.0
  }
},
{
  "model": "service_development.weather",
  "pk": 113,
  "fields": {
    "cercle": "bougouni",
    "valid_date": "2019-05-19",
    "clouds": 86.0,
    "clouds_hi": 73.0,
    "clouds_mid": 33.0,
    "clouds_low": 19.0,
    "code": 804,
    "description": "Overcast clouds",
    "dewpt": 16.5,
    "min_temp": 32.5,
    "max_temp": 39.8,
    "temp": 36.1,
    "precip": 0.0,
    "pres": 970.944,
    "rh": 32.0,
    "snow": 0.0,
    "snow_depth": 0.0,
    "wind_cdir_full": "south-southwest",
    "wind_gust_spd": 7.91747,
    "wind_spd": 2.43695
  }
},
{
  "model": "service_development.weather",
  "pk": 114,
  "fields": {
    "cercle": "bougouni",
    "valid_date": "2019-05-20",
    "clouds": 99.0,
    "clouds_hi": 98.0,
    "clouds_mid": 38.0,
    "clouds_low": 2.0,
    "code": 804,
    "description": "Overcast clouds",
    "dewpt": 17.0,
    "min_temp": 29.1,
    "max_temp": 39.4,
    "temp": 33.9,
    "precip": 0.0,
    "pres": 971.277,
    "rh": 38.0,
    "snow": 0.0,
    "snow_depth": 0.0,
    "wind_cdir_full": "west-southwest",
    "wind_gust_spd": 9.91616,
    "wind_spd": 2.94047
  }
},
{
  "model": "service_development.weather",
  "pk": 115,
  "fields": {
    "cercle": "bougouni",
    "valid_date": "2019-05-21",
    "clouds": 91.0,
    "clouds_hi": 91.0,
    "clouds_mid": 0.0,
    "clouds_low": 0.0,
    "code": 804,
    "description": "Overcast clouds",
    "dewpt": 16.4,
    "min_temp": 28.3,
    "max_temp": 41.0,
    "temp": 34.0,
    "precip": 0.0,
    "pres": 971.105,
    "rh": 38.0,
    "snow": 0.0,
    "snow_depth": 0.0,
    "wind_cdir_full": "south-southwest",
    "wind_gust_spd": 9.20344,
    "wind_spd": 2.53712
  }
},
{
  "model": "service_development.weather",
  "pk": 116,
  "fields": {
    "cercle": "bougouni",
    "valid_date": "2019-05-22",
    "clouds": 60.0,
    "clouds_hi": 47.0,
    "clouds_mid": 17.0,
    "clouds_low": 9.0,
    "code": 803,
    "description": "Broken clouds",
    "dewpt": 17.3,
    "min_temp": 28.8,
    "max_temp": 43.7,
    "temp": 35.0,
    "precip": 0.0,
    "pres": 970.144,
    "rh": 38.0,
    "snow": 0.0,
    "snow_depth": 0.0,
    "wind_cdir_full": "south-southwest",
    "wind_gust_spd": 9.50988,
    "wind_spd": 3.05757
  }
},
{
  "model": "service_development.weather",
  "pk": 117,
  "fields": {
    "cercle": "bougouni",
    "valid_date": "2019-05-23",
    "clouds": 86.0,
    "clouds_hi": 81.0,
    "clouds_mid": 16.0,
    "clouds_low": 16.0,
    "code": 201,
    "description": "Thunderstorm with rain",
    "dewpt": 19.4,
    "min_temp": 24.6,
    "max_temp": 40.4,
    "temp": 32.7,
    "precip": 32.0625,
    "pres": 970.506,
    "rh": 48.0,
    "snow": 0.0,
    "snow_depth": 0.0,
    "wind_cdir_full": "south-southwest",
    "wind_gust_spd": 16.9086,
    "wind_spd": 3.75507
  }
},
{
  "model": "service_development.weather",
  "pk": 118,
  "fields": {
    "cercle": "bougouni",
    "valid_date": "2019-05-24",
    "clouds": 72.0,
    "clouds_hi": 65.0,
    "clouds_mid": 26.0,
    "clouds_low": 16.0,
    "code": 804,
    "description": "Overcast clouds",
    "dewpt": 19.7,
    "min_temp": 25.4,
    "max_temp": 37.4,
    "temp": 31.2,
    "precip": 0.0625,
    "pres": 970.863,
    "rh": 53.0,
    "snow": 0.0,
    "snow_depth": 0.0,
    "wind_cdir_full": "south",
    "wind_gust_spd": 9.24772,
    "wind_spd": 2.86563
  }
},
{
  "model": "service_development.weather",
  "pk": 119,
  "fields": {
    "cercle": "bougouni",
    "valid_date": "2019-05-25",
    "clouds": 64.0,
    "clouds_hi": 54.0,
    "clouds_mid": 16.0,
    "clouds_low": 6.0,
    "code": 803,
    "description": "Broken clouds",
    "dewpt": 19.8,
    "min_temp": 27.6,
    "max_temp": 38.1,
    "temp": 32.8,
    "precip": 0.0,
    "pres": 971.091,
    "rh": 48.0,
    "snow": 0.0,
    "snow_depth": 0.0,
    "wind_cdir_full": "south",
    "wind_gust_spd": 7.90886,
    "wind_spd": 2.43144
  }
},
{
  "model": "service_development.weather",
  "pk": 120,
  "fields": {
    "cercle": "bougouni",
    "valid_date": "2019-05-26",
    "clouds": 76.0,
    "clouds_hi": 75.0,
    "clouds_mid": 22.0,
    "clouds_low": 12.0,
    "code": 804,
    "description": "Overcast clouds",
    "dewpt": 19.7,
    "min_temp": 28.3,
    "max_temp": 34.3,
    "temp": 30.6,
    "precip": 0.0625,
    "pres": 970.586,
    "rh": 52.0,
    "snow": 0.0,
    "snow_depth": 0.0,
    "wind_cdir_full": "south",
    "wind_gust_spd": 8.22884,
    "wind_spd": 2.93541
  }
},
{
  "model": "service_development.weather",
  "pk": 121,
  "fields": {
    "cercle": "bougouni",
    "valid_date": "2019-05-27",
    "clouds": 92.0,
    "clouds_hi": 92.0,
    "clouds_mid": 3.0,
    "clouds_low": 4.0,
    "code": 804,
    "description": "Overcast clouds",
    "dewpt": 18.3,
    "min_temp": 26.1,
    "max_temp": 42.0,
    "temp": 33.0,
    "precip": 0.0,
    "pres": 969.545,
    "rh": 46.0,
    "snow": 0.0,
    "snow_depth": 0.0,
    "wind_cdir_full": "southwest",
    "wind_gust_spd": 8.1,
    "wind_spd": 2.18904
  }
},
{
  "model": "service_development.weather",
  "pk": 122,
  "fields": {
    "cercle": "bougouni",
    "valid_date": "2019-05-28",
    "clouds": 90.0,
    "clouds_hi": 90.0,
    "clouds_mid": 0.0,
    "clouds_low": 3.0,
    "code": 804,
    "description": "Overcast clouds",
    "dewpt": 18.8,
    "min_temp": 28.3,
    "max_temp": 40.4,
    "temp": 33.8,
    "precip": 0.0,
    "pres": 968.812,
    "rh": 43.0,
    "snow": 0.0,
    "snow_depth": 0.0,
    "wind_cdir_full": "southwest",
    "wind_gust_spd": 9.5053,
    "wind_spd": 3.47677
  }
},
{
  "model": "service_development.weather",
  "pk": 123,
  "fields": {
    "cercle": "bougouni",
    "valid_date": "2019-05-29",
    "clouds": 75.0,
    "clouds_hi": 75.0,
    "clouds_mid": 0.0,
    "clouds_low": 0.0,
    "code": 804,
    "description": "Overcast clouds",
    "dewpt": 19.6,
    "min_temp": 28.3,
    "max_temp": 39.9,
    "temp": 34.2,
    "precip": 0.0,
    "pres": 969.762,
    "rh": 43.0,
    "snow": 0.0,
    "snow_depth": 0.0,
    "wind_cdir_full": "south-southwest",
    "wind_gust_spd": 9.40934,
    "wind_spd": 3.92933
  }
},
{
  "model": "service_development.weather",
  "pk": 124,
  "fields": {
    "cercle": "bougouni",
    "valid_date": "2019-05-30",
    "clouds": 46.0,
    "clouds_hi": 42.0,
    "clouds_mid": 0.0,
    "clouds_low": 6.0,
    "code": 803,
    "description": "Broken clouds",
    "dewpt": 20.8,
    "min_temp": 28.3,
    "max_temp": 37.6,
    "temp": 34.2,
    "precip": 0.0,
    "pres": 970.506,
    "rh": 46.0,
    "snow": 0.0,
    "snow_depth": 0.0,
    "wind_cdir_full": "south",
    "wind_gust_spd": 8.91885,
    "wind_spd": 3.46927
  }
},
{
  "model": "service_development.weather",
  "pk": 125,
  "fields": {
    "cercle": "bougouni",
    "valid_date": "2019-05-31",
    "clouds": 98.0,
    "clouds_hi": 98.0,
    "clouds_mid": 8.0,
    "clouds_low": 8.0,
    "code": 804,
    "description": "Overcast clouds",
    "dewpt": 20.3,
    "min_temp": 26.6,
    "max_temp": 34.8,
    "temp": 30.6,
    "precip": 1.375,
    "pres": 970.404,
    "rh": 55.0,
    "snow": 0.0,
    "snow_depth": 0.0,
    "wind_cdir_full": "south-southeast",
    "wind_gust_spd": 6.10933,
    "wind_spd": 2.51996
  }
},
{
  "model": "service_development.weather",
  "pk": 126,
  "fields": {
    "cercle": "bougouni",
    "valid_date": "2019-06-01",
    "clouds": 98.0,
    "clouds_hi": 98.0,
    "clouds_mid": 44.0,
    "clouds_low": 0.0,
    "code": 804,
    "description": "Overcast clouds",
    "dewpt": 19.5,
    "min_temp": 26.4,
    "max_temp": 37.0,
    "temp": 31.3,
    "precip": 0.25,
    "pres": 970.472,
    "rh": 50.0,
    "snow": 0.0,
    "snow_depth": 0.0,
    "wind_cdir_full": "south",
    "wind_gust_spd": 6.60529,
    "wind_spd": 2.74298
  }
},
{
  "model": "service_development.weather",
  "pk": 127,
  "fields": {
    "cercle": "bougouni",
    "valid_date": "2019-06-02",
    "clouds": 84.0,
    "clouds_hi": 84.0,
    "clouds_mid": 2.0,
    "clouds_low": 2.0,
    "code": 804,
    "description": "Overcast clouds",
    "dewpt": 20.0,
    "min_temp": 25.4,
    "max_temp": 38.8,
    "temp": 32.0,
    "precip": 2.6875,
    "pres": 971.311,
    "rh": 49.0,
    "snow": 0.0,
    "snow_depth": 0.0,
    "wind_cdir_full": "west-southwest",
    "wind_gust_spd": 6.05047,
    "wind_spd": 2.63716
  }
},
{
  "model": "service_development.weather",
  "pk": 128,
  "fields": {
    "cercle": "bougouni",
    "valid_date": "2019-06-03",
    "clouds": 78.0,
    "clouds_hi": 72.0,
    "clouds_mid": 10.0,
    "clouds_low": 0.0,
    "code": 804,
    "description": "Overcast clouds",
    "dewpt": 20.2,
    "min_temp": 28.1,
    "max_temp": 38.5,
    "temp": 33.7,
    "precip": 0.25,
    "pres": 970.274,
    "rh": 45.0,
    "snow": 0.0,
    "snow_depth": 0.0,
    "wind_cdir_full": "west-southwest",
    "wind_gust_spd": 5.78373,
    "wind_spd": 3.0791
  }
},
{
  "model": "service_development.weather",
  "pk": 129,
  "fields": {
    "cercle": "kadiolo",
    "valid_date": "2019-05-19",
    "clouds": 43.0,
    "clouds_hi": 28.0,
    "clouds_mid": 5.0,
    "clouds_low": 16.0,
    "code": 803,
    "description": "Broken clouds",
    "dewpt": 19.9,
    "min_temp": 29.3,
    "max_temp": 36.0,
    "temp": 33.0,
    "precip": 0.0,
    "pres": 961.839,
    "rh": 46.0,
    "snow": 0.0,
    "snow_depth": 0.0,
    "wind_cdir_full": "west-southwest",
    "wind_gust_spd": 9.4089,
    "wind_spd": 2.90444
  }
},
{
  "model": "service_development.weather",
  "pk": 130,
  "fields": {
    "cercle": "kadiolo",
    "valid_date": "2019-05-20",
    "clouds": 87.0,
    "clouds_hi": 79.0,
    "clouds_mid": 58.0,
    "clouds_low": 5.0,
    "code": 804,
    "description": "Overcast clouds",
    "dewpt": 20.9,
    "min_temp": 25.0,
    "max_temp": 35.2,
    "temp": 29.6,
    "precip": 3.9375,
    "pres": 962.835,
    "rh": 61.0,
    "snow": 0.0,
    "snow_depth": 0.0,
    "wind_cdir_full": "south",
    "wind_gust_spd": 11.2117,
    "wind_spd": 3.15756
  }
},
{
  "model": "service_development.weather",
  "pk": 131,
  "fields": {
    "cercle": "kadiolo",
    "valid_date": "2019-05-21",
    "clouds": 73.0,
    "clouds_hi": 56.0,
    "clouds_mid": 22.0,
    "clouds_low": 11.0,
    "code": 804,
    "description": "Overcast clouds",
    "dewpt": 20.7,
    "min_temp": 25.6,
    "max_temp": 36.5,
    "temp": 30.8,
    "precip": 0.3125,
    "pres": 962.192,
    "rh": 57.0,
    "snow": 0.0,
    "snow_depth": 0.0,
    "wind_cdir_full": "south-southwest",
    "wind_gust_spd": 9.61397,
    "wind_spd": 2.54527
  }
},
{
  "model": "service_development.weather",
  "pk": 132,
  "fields": {
    "cercle": "kadiolo",
    "valid_date": "2019-05-22",
    "clouds": 72.0,
    "clouds_hi": 72.0,
    "clouds_mid": 0.0,
    "clouds_low": 3.0,
    "code": 804,
    "description": "Overcast clouds",
    "dewpt": 20.5,
    "min_temp": 26.3,
    "max_temp": 36.3,
    "temp": 31.4,
    "precip": 0.0,
    "pres": 961.576,
    "rh": 54.0,
    "snow": 0.0,
    "snow_depth": 0.0,
    "wind_cdir_full": "south",
    "wind_gust_spd": 9.00124,
    "wind_spd": 2.86163
  }
},
{
  "model": "service_development.weather",
  "pk": 133,
  "fields": {
    "cercle": "kadiolo",
    "valid_date": "2019-05-23",
    "clouds": 93.0,
    "clouds_hi": 93.0,
    "clouds_mid": 14.0,
    "clouds_low": 1.0,
    "code": 804,
    "description": "Overcast clouds",
    "dewpt": 21.1,
    "min_temp": 26.4,
    "max_temp": 34.9,
    "temp": 29.7,
    "precip": 0.0,
    "pres": 961.801,
    "rh": 61.0,
    "snow": 0.0,
    "snow_depth": 0.0,
    "wind_cdir_full": "south-southeast",
    "wind_gust_spd": 11.3092,
    "wind_spd": 3.57285
  }
},
{
  "model": "service_development.weather",
  "pk": 134,
  "fields": {
    "cercle": "kadiolo",
    "valid_date": "2019-05-24",
    "clouds": 80.0,
    "clouds_hi": 80.0,
    "clouds_mid": 0.0,
    "clouds_low": 0.0,
    "code": 804,
    "description": "Overcast clouds",
    "dewpt": 20.1,
    "min_temp": 25.2,
    "max_temp": 35.7,
    "temp": 30.0,
    "precip": 0.0,
    "pres": 962.156,
    "rh": 57.0,
    "snow": 0.0,
    "snow_depth": 0.0,
    "wind_cdir_full": "south",
    "wind_gust_spd": 7.6048,
    "wind_spd": 3.5547
  }
},
{
  "model": "service_development.weather",
  "pk": 135,
  "fields": {
    "cercle": "kadiolo",
    "valid_date": "2019-05-25",
    "clouds": 67.0,
    "clouds_hi": 67.0,
    "clouds_mid": 0.0,
    "clouds_low": 0.0,
    "code": 803,
    "description": "Broken clouds",
    "dewpt": 19.6,
    "min_temp": 25.4,
    "max_temp": 36.9,
    "temp": 30.9,
    "precip": 0.0,
    "pres": 962.03,
    "rh": 53.0,
    "snow": 0.0,
    "snow_depth": 0.0,
    "wind_cdir_full": "south-southeast",
    "wind_gust_spd": 7.70886,
    "wind_spd": 2.68129
  }
},
{
  "model": "service_development.weather",
  "pk": 136,
  "fields": {
    "cercle": "kadiolo",
    "valid_date": "2019-05-26",
    "clouds": 90.0,
    "clouds_hi": 90.0,
    "clouds_mid": 26.0,
    "clouds_low": 2.0,
    "code": 201,
    "description": "Thunderstorm with rain",
    "dewpt": 21.3,
    "min_temp": 23.1,
    "max_temp": 29.4,
    "temp": 26.1,
    "precip": 22.25,
    "pres": 961.857,
    "rh": 75.0,
    "snow": 0.0,
    "snow_depth": 0.0,
    "wind_cdir_full": "south-southwest",
    "wind_gust_spd": 10.6065,
    "wind_spd": 3.11726
  }
},
{
  "model": "service_development.weather",
  "pk": 137,
  "fields": {
    "cercle": "kadiolo",
    "valid_date": "2019-05-27",
    "clouds": 100.0,
    "clouds_hi": 100.0,
    "clouds_mid": 6.0,
    "clouds_low": 0.0,
    "code": 804,
    "description": "Overcast clouds",
    "dewpt": 21.0,
    "min_temp": 23.4,
    "max_temp": 34.9,
    "temp": 28.5,
    "precip": 0.0,
    "pres": 960.816,
    "rh": 67.0,
    "snow": 0.0,
    "snow_depth": 0.0,
    "wind_cdir_full": "southwest",
    "wind_gust_spd": 8.3,
    "wind_spd": 2.51853
  }
},
{
  "model": "service_development.weather",
  "pk": 138,
  "fields": {
    "cercle": "kadiolo",
    "valid_date": "2019-05-28",
    "clouds": 86.0,
    "clouds_hi": 83.0,
    "clouds_mid": 0.0,
    "clouds_low": 7.0,
    "code": 804,
    "description": "Overcast clouds",
    "dewpt": 21.6,
    "min_temp": 25.4,
    "max_temp": 35.8,
    "temp": 30.2,
    "precip": 0.0,
    "pres": 960.299,
    "rh": 61.0,
    "snow": 0.0,
    "snow_depth": 0.0,
    "wind_cdir_full": "south-southwest",
    "wind_gust_spd": 10.2,
    "wind_spd": 3.28402
  }
},
{
  "model": "service_development.weather",
  "pk": 139,
  "fields": {
    "cercle": "kadiolo",
    "valid_date": "2019-05-29",
    "clouds": 86.0,
    "clouds_hi": 86.0,
    "clouds_mid": 0.0,
    "clouds_low": 0.0,
    "code": 804,
    "description": "Overcast clouds",
    "dewpt": 21.7,
    "min_temp": 25.8,
    "max_temp": 36.4,
    "temp": 31.3,
    "precip": 0.0,
    "pres": 963.327,
    "rh": 57.0,
    "snow": 0.0,
    "snow_depth": 0.0,
    "wind_cdir_full": "south",
    "wind_gust_spd": 7.20934,
    "wind_spd": 3.22131
  }
},
{
  "model": "service_development.weather",
  "pk": 140,
  "fields": {
    "cercle": "kadiolo",
    "valid_date": "2019-05-30",
    "clouds": 64.0,
    "clouds_hi": 64.0,
    "clouds_mid": 0.0,
    "clouds_low": 0.0,
    "code": 803,
    "description": "Broken clouds",
    "dewpt": 21.6,
    "min_temp": 26.2,
    "max_temp": 31.2,
    "temp": 30.1,
    "precip": 0.0,
    "pres": 966.503,
    "rh": 60.0,
    "snow": 0.0,
    "snow_depth": 0.0,
    "wind_cdir_full": "south-southeast",
    "wind_gust_spd": 7.91885,
    "wind_spd": 2.5535
  }
},
{
  "model": "service_development.weather",
  "pk": 141,
  "fields": {
    "cercle": "kadiolo",
    "valid_date": "2019-05-31",
    "clouds": 100.0,
    "clouds_hi": 100.0,
    "clouds_mid": 16.0,
    "clouds_low": 0.0,
    "code": 520,
    "description": "Light shower rain",
    "dewpt": 20.7,
    "min_temp": 24.4,
    "max_temp": 33.6,
    "temp": 28.5,
    "precip": 6.25,
    "pres": 965.585,
    "rh": 64.0,
    "snow": 0.0,
    "snow_depth": 0.0,
    "wind_cdir_full": "south-southeast",
    "wind_gust_spd": 7.10933,
    "wind_spd": 2.66634
  }
},
{
  "model": "service_development.weather",
  "pk": 142,
  "fields": {
    "cercle": "kadiolo",
    "valid_date": "2019-06-01",
    "clouds": 78.0,
    "clouds_hi": 76.0,
    "clouds_mid": 0.0,
    "clouds_low": 2.0,
    "code": 804,
    "description": "Overcast clouds",
    "dewpt": 20.5,
    "min_temp": 24.2,
    "max_temp": 36.2,
    "temp": 30.4,
    "precip": 0.9375,
    "pres": 965.477,
    "rh": 57.0,
    "snow": 0.0,
    "snow_depth": 0.0,
    "wind_cdir_full": "south",
    "wind_gust_spd": 7.60529,
    "wind_spd": 2.51378
  }
},
{
  "model": "service_development.weather",
  "pk": 143,
  "fields": {
    "cercle": "kadiolo",
    "valid_date": "2019-06-02",
    "clouds": 72.0,
    "clouds_hi": 69.0,
    "clouds_mid": 4.0,
    "clouds_low": 4.0,
    "code": 804,
    "description": "Overcast clouds",
    "dewpt": 21.4,
    "min_temp": 25.6,
    "max_temp": 35.9,
    "temp": 30.6,
    "precip": 1.625,
    "pres": 965.836,
    "rh": 58.0,
    "snow": 0.0,
    "snow_depth": 0.0,
    "wind_cdir_full": "southwest",
    "wind_gust_spd": 2.95047,
    "wind_spd": 2.18172
  }
},
{
  "model": "service_development.weather",
  "pk": 144,
  "fields": {
    "cercle": "kadiolo",
    "valid_date": "2019-06-03",
    "clouds": 96.0,
    "clouds_hi": 96.0,
    "clouds_mid": 4.0,
    "clouds_low": 5.0,
    "code": 804,
    "description": "Overcast clouds",
    "dewpt": 21.5,
    "min_temp": 25.6,
    "max_temp": 37.5,
    "temp": 30.8,
    "precip": 2.5,
    "pres": 965.359,
    "rh": 59.0,
    "snow": 0.0,
    "snow_depth": 0.0,
    "wind_cdir_full": "southwest",
    "wind_gust_spd": 4.98373,
    "wind_spd": 2.79159
  }
},
{
  "model": "service_development.weather",
  "pk": 145,
  "fields": {
    "cercle": "kolondieba",
    "valid_date": "2019-05-19",
    "clouds": 85.0,
    "clouds_hi": 75.0,
    "clouds_mid": 32.0,
    "clouds_low": 2.0,
    "code": 804,
    "description": "Overcast clouds",
    "dewpt": 19.4,
    "min_temp": 30.8,
    "max_temp": 36.5,
    "temp": 33.5,
    "precip": 0.0,
    "pres": 971.006,
    "rh": 44.0,
    "snow": 0.0,
    "snow_depth": 0.0,
    "wind_cdir_full": "west-southwest",
    "wind_gust_spd": 6.70514,
    "wind_spd": 2.34359
  }
},
{
  "model": "service_development.weather",
  "pk": 146,
  "fields": {
    "cercle": "kolondieba",
    "valid_date": "2019-05-20",
    "clouds": 93.0,
    "clouds_hi": 93.0,
    "clouds_mid": 2.0,
    "clouds_low": 17.0,
    "code": 804,
    "description": "Overcast clouds",
    "dewpt": 19.3,
    "min_temp": 27.5,
    "max_temp": 37.9,
    "temp": 32.2,
    "precip": 0.0,
    "pres": 971.164,
    "rh": 48.0,
    "snow": 0.0,
    "snow_depth": 0.0,
    "wind_cdir_full": "southwest",
    "wind_gust_spd": 10.4162,
    "wind_spd": 3.00188
  }
},
{
  "model": "service_development.weather",
  "pk": 147,
  "fields": {
    "cercle": "kolondieba",
    "valid_date": "2019-05-21",
    "clouds": 90.0,
    "clouds_hi": 89.0,
    "clouds_mid": 0.0,
    "clouds_low": 3.0,
    "code": 804,
    "description": "Overcast clouds",
    "dewpt": 18.2,
    "min_temp": 25.9,
    "max_temp": 39.3,
    "temp": 32.5,
    "precip": 1.3125,
    "pres": 970.852,
    "rh": 46.0,
    "snow": 0.0,
    "snow_depth": 0.0,
    "wind_cdir_full": "southwest",
    "wind_gust_spd": 8.82351,
    "wind_spd": 2.68574
  }
},
{
  "model": "service_development.weather",
  "pk": 148,
  "fields": {
    "cercle": "kolondieba",
    "valid_date": "2019-05-22",
    "clouds": 62.0,
    "clouds_hi": 61.0,
    "clouds_mid": 0.0,
    "clouds_low": 5.0,
    "code": 803,
    "description": "Broken clouds",
    "dewpt": 19.3,
    "min_temp": 27.6,
    "max_temp": 40.0,
    "temp": 33.1,
    "precip": 0.0,
    "pres": 970.044,
    "rh": 46.0,
    "snow": 0.0,
    "snow_depth": 0.0,
    "wind_cdir_full": "south-southwest",
    "wind_gust_spd": 9.62007,
    "wind_spd": 2.84318
  }
},
{
  "model": "service_development.weather",
  "pk": 149,
  "fields": {
    "cercle": "kolondieba",
    "valid_date": "2019-05-23",
    "clouds": 94.0,
    "clouds_hi": 94.0,
    "clouds_mid": 14.0,
    "clouds_low": 10.0,
    "code": 201,
    "description": "Thunderstorm with rain",
    "dewpt": 20.5,
    "min_temp": 25.9,
    "max_temp": 38.8,
    "temp": 31.6,
    "precip": 23.8125,
    "pres": 970.101,
    "rh": 54.0,
    "snow": 0.0,
    "snow_depth": 0.0,
    "wind_cdir_full": "south-southwest",
    "wind_gust_spd": 11.1086,
    "wind_spd": 3.30772
  }
},
{
  "model": "service_development.weather",
  "pk": 150,
  "fields": {
    "cercle": "kolondieba",
    "valid_date": "2019-05-24",
    "clouds": 84.0,
    "clouds_hi": 78.0,
    "clouds_mid": 24.0,
    "clouds_low": 13.0,
    "code": 804,
    "description": "Overcast clouds",
    "dewpt": 20.3,
    "min_temp": 24.6,
    "max_temp": 37.6,
    "temp": 30.3,
    "precip": 1.0,
    "pres": 970.671,
    "rh": 58.0,
    "snow": 0.0,
    "snow_depth": 0.0,
    "wind_cdir_full": "south",
    "wind_gust_spd": 8.33891,
    "wind_spd": 2.95153
  }
},
{
  "model": "service_development.weather",
  "pk": 151,
  "fields": {
    "cercle": "kolondieba",
    "valid_date": "2019-05-25",
    "clouds": 90.0,
    "clouds_hi": 84.0,
    "clouds_mid": 8.0,
    "clouds_low": 17.0,
    "code": 804,
    "description": "Overcast clouds",
    "dewpt": 20.2,
    "min_temp": 26.6,
    "max_temp": 38.9,
    "temp": 32.1,
    "precip": 0.0,
    "pres": 970.707,
    "rh": 52.0,
    "snow": 0.0,
    "snow_depth": 0.0,
    "wind_cdir_full": "south-southwest",
    "wind_gust_spd": 8.12414,
    "wind_spd": 2.19536
  }
},
{
  "model": "service_development.weather",
  "pk": 152,
  "fields": {
    "cercle": "kolondieba",
    "valid_date": "2019-05-26",
    "clouds": 97.0,
    "clouds_hi": 89.0,
    "clouds_mid": 35.0,
    "clouds_low": 13.0,
    "code": 520,
    "description": "Light shower rain",
    "dewpt": 20.6,
    "min_temp": 27.4,
    "max_temp": 32.0,
    "temp": 29.4,
    "precip": 7.0625,
    "pres": 970.28,
    "rh": 59.0,
    "snow": 0.0,
    "snow_depth": 0.0,
    "wind_cdir_full": "south-southwest",
    "wind_gust_spd": 6.70381,
    "wind_spd": 2.46285
  }
},
{
  "model": "service_development.weather",
  "pk": 153,
  "fields": {
    "cercle": "kolondieba",
    "valid_date": "2019-05-27",
    "clouds": 99.0,
    "clouds_hi": 99.0,
    "clouds_mid": 1.0,
    "clouds_low": 0.0,
    "code": 804,
    "description": "Overcast clouds",
    "dewpt": 19.6,
    "min_temp": 24.9,
    "max_temp": 38.0,
    "temp": 30.9,
    "precip": 0.0,
    "pres": 969.323,
    "rh": 55.0,
    "snow": 0.0,
    "snow_depth": 0.0,
    "wind_cdir_full": "southwest",
    "wind_gust_spd": 8.5,
    "wind_spd": 2.30484
  }
},
{
  "model": "service_development.weather",
  "pk": 154,
  "fields": {
    "cercle": "kolondieba",
    "valid_date": "2019-05-28",
    "clouds": 74.0,
    "clouds_hi": 73.0,
    "clouds_mid": 0.0,
    "clouds_low": 2.0,
    "code": 804,
    "description": "Overcast clouds",
    "dewpt": 20.0,
    "min_temp": 27.1,
    "max_temp": 38.5,
    "temp": 32.3,
    "precip": 0.0,
    "pres": 968.722,
    "rh": 50.0,
    "snow": 0.0,
    "snow_depth": 0.0,
    "wind_cdir_full": "southwest",
    "wind_gust_spd": 9.82955,
    "wind_spd": 3.20126
  }
},
{
  "model": "service_development.weather",
  "pk": 155,
  "fields": {
    "cercle": "kolondieba",
    "valid_date": "2019-05-29",
    "clouds": 90.0,
    "clouds_hi": 90.0,
    "clouds_mid": 0.0,
    "clouds_low": 0.0,
    "code": 804,
    "description": "Overcast clouds",
    "dewpt": 20.4,
    "min_temp": 26.9,
    "max_temp": 38.9,
    "temp": 33.1,
    "precip": 0.125,
    "pres": 969.666,
    "rh": 48.0,
    "snow": 0.0,
    "snow_depth": 0.0,
    "wind_cdir_full": "south-southwest",
    "wind_gust_spd": 10.2093,
    "wind_spd": 3.79066
  }
},
{
  "model": "service_development.weather",
  "pk": 156,
  "fields": {
    "cercle": "kolondieba",
    "valid_date": "2019-05-30",
    "clouds": 56.0,
    "clouds_hi": 46.0,
    "clouds_mid": 0.0,
    "clouds_low": 13.0,
    "code": 803,
    "description": "Broken clouds",
    "dewpt": 21.1,
    "min_temp": 27.1,
    "max_temp": 35.9,
    "temp": 32.7,
    "precip": 0.0,
    "pres": 970.554,
    "rh": 51.0,
    "snow": 0.0,
    "snow_depth": 0.0,
    "wind_cdir_full": "south",
    "wind_gust_spd": 7.71885,
    "wind_spd": 3.08499
  }
},
{
  "model": "service_development.weather",
  "pk": 157,
  "fields": {
    "cercle": "kolondieba",
    "valid_date": "2019-05-31",
    "clouds": 98.0,
    "clouds_hi": 98.0,
    "clouds_mid": 44.0,
    "clouds_low": 4.0,
    "code": 804,
    "description": "Overcast clouds",
    "dewpt": 20.4,
    "min_temp": 25.7,
    "max_temp": 33.8,
    "temp": 29.7,
    "precip": 1.6875,
    "pres": 970.276,
    "rh": 58.0,
    "snow": 0.0,
    "snow_depth": 0.0,
    "wind_cdir_full": "south-southeast",
    "wind_gust_spd": 7.80933,
    "wind_spd": 2.81257
  }
},
{
  "model": "service_development.weather",
  "pk": 158,
  "fields": {
    "cercle": "kolondieba",
    "valid_date": "2019-06-01",
    "clouds": 98.0,
    "clouds_hi": 98.0,
    "clouds_mid": 36.0,
    "clouds_low": 4.0,
    "code": 804,
    "description": "Overcast clouds",
    "dewpt": 20.3,
    "min_temp": 25.8,
    "max_temp": 37.1,
    "temp": 31.0,
    "precip": 0.5,
    "pres": 970.352,
    "rh": 54.0,
    "snow": 0.0,
    "snow_depth": 0.0,
    "wind_cdir_full": "south-southwest",
    "wind_gust_spd": 6.70529,
    "wind_spd": 2.39186
  }
},
{
  "model": "service_development.weather",
  "pk": 159,
  "fields": {
    "cercle": "kolondieba",
    "valid_date": "2019-06-02",
    "clouds": 76.0,
    "clouds_hi": 66.0,
    "clouds_mid": 2.0,
    "clouds_low": 13.0,
    "code": 804,
    "description": "Overcast clouds",
    "dewpt": 20.6,
    "min_temp": 24.9,
    "max_temp": 35.9,
    "temp": 31.0,
    "precip": 4.0625,
    "pres": 971.039,
    "rh": 54.0,
    "snow": 0.0,
    "snow_depth": 0.0,
    "wind_cdir_full": "west-southwest",
    "wind_gust_spd": 5.65047,
    "wind_spd": 2.7143
  }
},
{
  "model": "service_development.weather",
  "pk": 160,
  "fields": {
    "cercle": "kolondieba",
    "valid_date": "2019-06-03",
    "clouds": 88.0,
    "clouds_hi": 82.0,
    "clouds_mid": 12.0,
    "clouds_low": 0.0,
    "code": 804,
    "description": "Overcast clouds",
    "dewpt": 20.9,
    "min_temp": 27.3,
    "max_temp": 37.1,
    "temp": 32.2,
    "precip": 0.0,
    "pres": 970.258,
    "rh": 52.0,
    "snow": 0.0,
    "snow_depth": 0.0,
    "wind_cdir_full": "southwest",
    "wind_gust_spd": 5.98373,
    "wind_spd": 2.96119
  }
},
{
  "model": "service_development.weather",
  "pk": 161,
  "fields": {
    "cercle": "koutiala",
    "valid_date": "2019-05-19",
    "clouds": 71.0,
    "clouds_hi": 64.0,
    "clouds_mid": 13.0,
    "clouds_low": 1.0,
    "code": 804,
    "description": "Overcast clouds",
    "dewpt": 16.6,
    "min_temp": 33.2,
    "max_temp": 38.7,
    "temp": 36.4,
    "precip": 0.0,
    "pres": 971.935,
    "rh": 31.0,
    "snow": 0.0,
    "snow_depth": 0.0,
    "wind_cdir_full": "west-southwest",
    "wind_gust_spd": 9.40514,
    "wind_spd": 4.85816
  }
},
{
  "model": "service_development.weather",
  "pk": 162,
  "fields": {
    "cercle": "koutiala",
    "valid_date": "2019-05-20",
    "clouds": 90.0,
    "clouds_hi": 89.0,
    "clouds_mid": 4.0,
    "clouds_low": 19.0,
    "code": 804,
    "description": "Overcast clouds",
    "dewpt": 18.2,
    "min_temp": 30.4,
    "max_temp": 38.0,
    "temp": 34.5,
    "precip": 0.0625,
    "pres": 972.647,
    "rh": 39.0,
    "snow": 0.0,
    "snow_depth": 0.0,
    "wind_cdir_full": "southwest",
    "wind_gust_spd": 9.10356,
    "wind_spd": 4.08078
  }
},
{
  "model": "service_development.weather",
  "pk": 163,
  "fields": {
    "cercle": "koutiala",
    "valid_date": "2019-05-21",
    "clouds": 92.0,
    "clouds_hi": 92.0,
    "clouds_mid": 0.0,
    "clouds_low": 2.0,
    "code": 804,
    "description": "Overcast clouds",
    "dewpt": 16.3,
    "min_temp": 30.8,
    "max_temp": 39.8,
    "temp": 35.4,
    "precip": 0.0,
    "pres": 971.999,
    "rh": 34.0,
    "snow": 0.0,
    "snow_depth": 0.0,
    "wind_cdir_full": "southwest",
    "wind_gust_spd": 10.0064,
    "wind_spd": 4.03832
  }
},
{
  "model": "service_development.weather",
  "pk": 164,
  "fields": {
    "cercle": "koutiala",
    "valid_date": "2019-05-22",
    "clouds": 77.0,
    "clouds_hi": 60.0,
    "clouds_mid": 25.0,
    "clouds_low": 5.0,
    "code": 804,
    "description": "Overcast clouds",
    "dewpt": 17.3,
    "min_temp": 31.6,
    "max_temp": 40.6,
    "temp": 36.1,
    "precip": 0.0,
    "pres": 971.455,
    "rh": 34.0,
    "snow": 0.0,
    "snow_depth": 0.0,
    "wind_cdir_full": "south-southwest",
    "wind_gust_spd": 10.5032,
    "wind_spd": 3.99403
  }
},
{
  "model": "service_development.weather",
  "pk": 165,
  "fields": {
    "cercle": "koutiala",
    "valid_date": "2019-05-23",
    "clouds": 92.0,
    "clouds_hi": 86.0,
    "clouds_mid": 25.0,
    "clouds_low": 11.0,
    "code": 804,
    "description": "Overcast clouds",
    "dewpt": 19.8,
    "min_temp": 30.1,
    "max_temp": 37.3,
    "temp": 33.8,
    "precip": 2.4375,
    "pres": 971.807,
    "rh": 44.0,
    "snow": 0.0,
    "snow_depth": 0.0,
    "wind_cdir_full": "south",
    "wind_gust_spd": 10.6157,
    "wind_spd": 4.87901
  }
},
{
  "model": "service_development.weather",
  "pk": 166,
  "fields": {
    "cercle": "koutiala",
    "valid_date": "2019-05-24",
    "clouds": 82.0,
    "clouds_hi": 69.0,
    "clouds_mid": 37.0,
    "clouds_low": 12.0,
    "code": 804,
    "description": "Overcast clouds",
    "dewpt": 18.8,
    "min_temp": 28.5,
    "max_temp": 39.0,
    "temp": 33.5,
    "precip": 0.0,
    "pres": 972.13,
    "rh": 45.0,
    "snow": 0.0,
    "snow_depth": 0.0,
    "wind_cdir_full": "south",
    "wind_gust_spd": 9.54772,
    "wind_spd": 4.81622
  }
},
{
  "model": "service_development.weather",
  "pk": 167,
  "fields": {
    "cercle": "koutiala",
    "valid_date": "2019-05-25",
    "clouds": 70.0,
    "clouds_hi": 62.0,
    "clouds_mid": 1.0,
    "clouds_low": 12.0,
    "code": 803,
    "description": "Broken clouds",
    "dewpt": 18.5,
    "min_temp": 29.9,
    "max_temp": 38.8,
    "temp": 34.5,
    "precip": 0.125,
    "pres": 972.456,
    "rh": 40.0,
    "snow": 0.0,
    "snow_depth": 0.0,
    "wind_cdir_full": "south",
    "wind_gust_spd": 9.00407,
    "wind_spd": 3.09203
  }
},
{
  "model": "service_development.weather",
  "pk": 168,
  "fields": {
    "cercle": "koutiala",
    "valid_date": "2019-05-26",
    "clouds": 94.0,
    "clouds_hi": 90.0,
    "clouds_mid": 47.0,
    "clouds_low": 15.0,
    "code": 201,
    "description": "Thunderstorm with rain",
    "dewpt": 17.9,
    "min_temp": 28.6,
    "max_temp": 34.6,
    "temp": 31.4,
    "precip": 13.6875,
    "pres": 972.151,
    "rh": 45.0,
    "snow": 0.0,
    "snow_depth": 0.0,
    "wind_cdir_full": "south",
    "wind_gust_spd": 12.9065,
    "wind_spd": 4.08184
  }
},
{
  "model": "service_development.weather",
  "pk": 169,
  "fields": {
    "cercle": "koutiala",
    "valid_date": "2019-05-27",
    "clouds": 89.0,
    "clouds_hi": 89.0,
    "clouds_mid": 0.0,
    "clouds_low": 0.0,
    "code": 804,
    "description": "Overcast clouds",
    "dewpt": 18.2,
    "min_temp": 26.9,
    "max_temp": 38.3,
    "temp": 32.6,
    "precip": 0.8125,
    "pres": 970.592,
    "rh": 45.0,
    "snow": 0.0,
    "snow_depth": 0.0,
    "wind_cdir_full": "southwest",
    "wind_gust_spd": 8.21693,
    "wind_spd": 3.97795
  }
},
{
  "model": "service_development.weather",
  "pk": 170,
  "fields": {
    "cercle": "koutiala",
    "valid_date": "2019-05-28",
    "clouds": 90.0,
    "clouds_hi": 90.0,
    "clouds_mid": 0.0,
    "clouds_low": 0.0,
    "code": 804,
    "description": "Overcast clouds",
    "dewpt": 18.6,
    "min_temp": 29.6,
    "max_temp": 39.4,
    "temp": 34.6,
    "precip": 0.0,
    "pres": 969.863,
    "rh": 41.0,
    "snow": 0.0,
    "snow_depth": 0.0,
    "wind_cdir_full": "south-southwest",
    "wind_gust_spd": 11.5296,
    "wind_spd": 5.17307
  }
},
{
  "model": "service_development.weather",
  "pk": 171,
  "fields": {
    "cercle": "koutiala",
    "valid_date": "2019-05-29",
    "clouds": 74.0,
    "clouds_hi": 74.0,
    "clouds_mid": 0.0,
    "clouds_low": 0.0,
    "code": 804,
    "description": "Overcast clouds",
    "dewpt": 19.7,
    "min_temp": 30.3,
    "max_temp": 39.7,
    "temp": 35.5,
    "precip": 0.0,
    "pres": 971.149,
    "rh": 39.0,
    "snow": 0.0,
    "snow_depth": 0.0,
    "wind_cdir_full": "south-southwest",
    "wind_gust_spd": 11.4093,
    "wind_spd": 6.40836
  }
},
{
  "model": "service_development.weather",
  "pk": 172,
  "fields": {
    "cercle": "koutiala",
    "valid_date": "2019-05-30",
    "clouds": 58.0,
    "clouds_hi": 52.0,
    "clouds_mid": 18.0,
    "clouds_low": 16.0,
    "code": 201,
    "description": "Thunderstorm with rain",
    "dewpt": 20.9,
    "min_temp": 26.2,
    "max_temp": 33.8,
    "temp": 30.2,
    "precip": 13.4375,
    "pres": 975.269,
    "rh": 59.0,
    "snow": 0.0,
    "snow_depth": 0.0,
    "wind_cdir_full": "southeast",
    "wind_gust_spd": 10.1189,
    "wind_spd": 5.70676
  }
},
{
  "model": "service_development.weather",
  "pk": 173,
  "fields": {
    "cercle": "koutiala",
    "valid_date": "2019-05-31",
    "clouds": 98.0,
    "clouds_hi": 98.0,
    "clouds_mid": 39.0,
    "clouds_low": 3.0,
    "code": 804,
    "description": "Overcast clouds",
    "dewpt": 19.5,
    "min_temp": 28.0,
    "max_temp": 35.8,
    "temp": 30.8,
    "precip": 1.5,
    "pres": 973.135,
    "rh": 52.0,
    "snow": 0.0,
    "snow_depth": 0.0,
    "wind_cdir_full": "south-southwest",
    "wind_gust_spd": 4.80006,
    "wind_spd": 2.73246
  }
},
{
  "model": "service_development.weather",
  "pk": 174,
  "fields": {
    "cercle": "koutiala",
    "valid_date": "2019-06-01",
    "clouds": 74.0,
    "clouds_hi": 66.0,
    "clouds_mid": 34.0,
    "clouds_low": 0.0,
    "code": 804,
    "description": "Overcast clouds",
    "dewpt": 19.7,
    "min_temp": 28.2,
    "max_temp": 38.2,
    "temp": 33.1,
    "precip": 0.0,
    "pres": 972.787,
    "rh": 45.0,
    "snow": 0.0,
    "snow_depth": 0.0,
    "wind_cdir_full": "south",
    "wind_gust_spd": 7.70529,
    "wind_spd": 3.95148
  }
},
{
  "model": "service_development.weather",
  "pk": 175,
  "fields": {
    "cercle": "koutiala",
    "valid_date": "2019-06-02",
    "clouds": 66.0,
    "clouds_hi": 60.0,
    "clouds_mid": 2.0,
    "clouds_low": 12.0,
    "code": 803,
    "description": "Broken clouds",
    "dewpt": 20.4,
    "min_temp": 30.2,
    "max_temp": 38.2,
    "temp": 34.7,
    "precip": 0.8125,
    "pres": 972.946,
    "rh": 43.0,
    "snow": 0.0,
    "snow_depth": 0.0,
    "wind_cdir_full": "southwest",
    "wind_gust_spd": 7.55047,
    "wind_spd": 5.01503
  }
},
{
  "model": "service_development.weather",
  "pk": 176,
  "fields": {
    "cercle": "koutiala",
    "valid_date": "2019-06-03",
    "clouds": 73.0,
    "clouds_hi": 72.0,
    "clouds_mid": 0.0,
    "clouds_low": 6.0,
    "code": 804,
    "description": "Overcast clouds",
    "dewpt": 19.5,
    "min_temp": 30.4,
    "max_temp": 40.8,
    "temp": 35.9,
    "precip": 0.0,
    "pres": 971.821,
    "rh": 38.0,
    "snow": 0.0,
    "snow_depth": 0.0,
    "wind_cdir_full": "west-southwest",
    "wind_gust_spd": 9.08373,
    "wind_spd": 5.36066
  }
},
{
  "model": "service_development.weather",
  "pk": 177,
  "fields": {
    "cercle": "sikasso",
    "valid_date": "2019-05-19",
    "clouds": 57.0,
    "clouds_hi": 34.0,
    "clouds_mid": 17.0,
    "clouds_low": 19.0,
    "code": 803,
    "description": "Broken clouds",
    "dewpt": 19.7,
    "min_temp": 29.6,
    "max_temp": 37.0,
    "temp": 32.6,
    "precip": 0.0,
    "pres": 959.795,
    "rh": 47.0,
    "snow": 0.0,
    "snow_depth": 0.0,
    "wind_cdir_full": "west-southwest",
    "wind_gust_spd": 5.81365,
    "wind_spd": 2.6309
  }
},
{
  "model": "service_development.weather",
  "pk": 178,
  "fields": {
    "cercle": "sikasso",
    "valid_date": "2019-05-20",
    "clouds": 94.0,
    "clouds_hi": 92.0,
    "clouds_mid": 35.0,
    "clouds_low": 7.0,
    "code": 804,
    "description": "Overcast clouds",
    "dewpt": 19.6,
    "min_temp": 25.9,
    "max_temp": 36.9,
    "temp": 30.8,
    "precip": 0.0625,
    "pres": 960.312,
    "rh": 53.0,
    "snow": 0.0,
    "snow_depth": 0.0,
    "wind_cdir_full": "south-southwest",
    "wind_gust_spd": 11.8162,
    "wind_spd": 3.2848
  }
},
{
  "model": "service_development.weather",
  "pk": 179,
  "fields": {
    "cercle": "sikasso",
    "valid_date": "2019-05-21",
    "clouds": 88.0,
    "clouds_hi": 84.0,
    "clouds_mid": 8.0,
    "clouds_low": 10.0,
    "code": 804,
    "description": "Overcast clouds",
    "dewpt": 19.1,
    "min_temp": 26.6,
    "max_temp": 38.8,
    "temp": 31.4,
    "precip": 0.0625,
    "pres": 959.838,
    "rh": 50.0,
    "snow": 0.0,
    "snow_depth": 0.0,
    "wind_cdir_full": "south-southwest",
    "wind_gust_spd": 9.40003,
    "wind_spd": 2.89967
  }
},
{
  "model": "service_development.weather",
  "pk": 180,
  "fields": {
    "cercle": "sikasso",
    "valid_date": "2019-05-22",
    "clouds": 64.0,
    "clouds_hi": 60.0,
    "clouds_mid": 0.0,
    "clouds_low": 9.0,
    "code": 803,
    "description": "Broken clouds",
    "dewpt": 19.6,
    "min_temp": 26.8,
    "max_temp": 37.9,
    "temp": 32.1,
    "precip": 0.0,
    "pres": 959.198,
    "rh": 49.0,
    "snow": 0.0,
    "snow_depth": 0.0,
    "wind_cdir_full": "south",
    "wind_gust_spd": 9.72762,
    "wind_spd": 2.65019
  }
},
{
  "model": "service_development.weather",
  "pk": 181,
  "fields": {
    "cercle": "sikasso",
    "valid_date": "2019-05-23",
    "clouds": 93.0,
    "clouds_hi": 93.0,
    "clouds_mid": 10.0,
    "clouds_low": 6.0,
    "code": 804,
    "description": "Overcast clouds",
    "dewpt": 20.6,
    "min_temp": 26.8,
    "max_temp": 36.5,
    "temp": 31.0,
    "precip": 0.0625,
    "pres": 959.297,
    "rh": 55.0,
    "snow": 0.0,
    "snow_depth": 0.0,
    "wind_cdir_full": "south",
    "wind_gust_spd": 10.6079,
    "wind_spd": 3.20882
  }
},
{
  "model": "service_development.weather",
  "pk": 182,
  "fields": {
    "cercle": "sikasso",
    "valid_date": "2019-05-24",
    "clouds": 80.0,
    "clouds_hi": 76.0,
    "clouds_mid": 6.0,
    "clouds_low": 0.0,
    "code": 804,
    "description": "Overcast clouds",
    "dewpt": 19.2,
    "min_temp": 25.3,
    "max_temp": 37.5,
    "temp": 30.9,
    "precip": 0.0,
    "pres": 959.681,
    "rh": 53.0,
    "snow": 0.0,
    "snow_depth": 0.0,
    "wind_cdir_full": "south",
    "wind_gust_spd": 8.14772,
    "wind_spd": 3.36179
  }
},
{
  "model": "service_development.weather",
  "pk": 183,
  "fields": {
    "cercle": "sikasso",
    "valid_date": "2019-05-25",
    "clouds": 70.0,
    "clouds_hi": 68.0,
    "clouds_mid": 2.0,
    "clouds_low": 7.0,
    "code": 804,
    "description": "Overcast clouds",
    "dewpt": 18.9,
    "min_temp": 25.4,
    "max_temp": 39.1,
    "temp": 31.8,
    "precip": 1.0,
    "pres": 959.745,
    "rh": 49.0,
    "snow": 0.0,
    "snow_depth": 0.0,
    "wind_cdir_full": "south",
    "wind_gust_spd": 8.90886,
    "wind_spd": 2.47268
  }
},
{
  "model": "service_development.weather",
  "pk": 184,
  "fields": {
    "cercle": "sikasso",
    "valid_date": "2019-05-26",
    "clouds": 91.0,
    "clouds_hi": 91.0,
    "clouds_mid": 19.0,
    "clouds_low": 2.0,
    "code": 201,
    "description": "Thunderstorm with rain",
    "dewpt": 19.9,
    "min_temp": 24.8,
    "max_temp": 29.6,
    "temp": 27.1,
    "precip": 15.9375,
    "pres": 959.606,
    "rh": 65.0,
    "snow": 0.0,
    "snow_depth": 0.0,
    "wind_cdir_full": "south-southwest",
    "wind_gust_spd": 10.0065,
    "wind_spd": 2.95706
  }
},
{
  "model": "service_development.weather",
  "pk": 185,
  "fields": {
    "cercle": "sikasso",
    "valid_date": "2019-05-27",
    "clouds": 99.0,
    "clouds_hi": 98.0,
    "clouds_mid": 0.0,
    "clouds_low": 7.0,
    "code": 804,
    "description": "Overcast clouds",
    "dewpt": 19.6,
    "min_temp": 23.8,
    "max_temp": 37.4,
    "temp": 29.6,
    "precip": 0.0,
    "pres": 958.295,
    "rh": 58.0,
    "snow": 0.0,
    "snow_depth": 0.0,
    "wind_cdir_full": "southwest",
    "wind_gust_spd": 8.51693,
    "wind_spd": 2.76612
  }
},
{
  "model": "service_development.weather",
  "pk": 186,
  "fields": {
    "cercle": "sikasso",
    "valid_date": "2019-05-28",
    "clouds": 73.0,
    "clouds_hi": 64.0,
    "clouds_mid": 0.0,
    "clouds_low": 18.0,
    "code": 804,
    "description": "Overcast clouds",
    "dewpt": 20.2,
    "min_temp": 26.1,
    "max_temp": 38.4,
    "temp": 31.5,
    "precip": 0.0,
    "pres": 957.754,
    "rh": 53.0,
    "snow": 0.0,
    "snow_depth": 0.0,
    "wind_cdir_full": "south-southwest",
    "wind_gust_spd": 9.9,
    "wind_spd": 3.45391
  }
},
{
  "model": "service_development.weather",
  "pk": 187,
  "fields": {
    "cercle": "sikasso",
    "valid_date": "2019-05-29",
    "clouds": 89.0,
    "clouds_hi": 78.0,
    "clouds_mid": 0.0,
    "clouds_low": 22.0,
    "code": 804,
    "description": "Overcast clouds",
    "dewpt": 21.2,
    "min_temp": 26.4,
    "max_temp": 37.7,
    "temp": 32.5,
    "precip": 0.0,
    "pres": 959.3,
    "rh": 52.0,
    "snow": 0.0,
    "snow_depth": 0.0,
    "wind_cdir_full": "south-southwest",
    "wind_gust_spd": 9.60934,
    "wind_spd": 3.82792
  }
},
{
  "model": "service_development.weather",
  "pk": 188,
  "fields": {
    "cercle": "sikasso",
    "valid_date": "2019-05-30",
    "clouds": 64.0,
    "clouds_hi": 64.0,
    "clouds_mid": 8.0,
    "clouds_low": 0.0,
    "code": 803,
    "description": "Broken clouds",
    "dewpt": 21.7,
    "min_temp": 28.3,
    "max_temp": 28.8,
    "temp": 28.6,
    "precip": 1.5625,
    "pres": 961.7,
    "rh": 66.0,
    "snow": 0.0,
    "snow_depth": 0.0,
    "wind_cdir_full": "south-southeast",
    "wind_gust_spd": 8.41885,
    "wind_spd": 2.87038
  }
},
{
  "model": "service_development.weather",
  "pk": 189,
  "fields": {
    "cercle": "sikasso",
    "valid_date": "2019-05-31",
    "clouds": 99.0,
    "clouds_hi": 99.0,
    "clouds_mid": 41.0,
    "clouds_low": 0.0,
    "code": 520,
    "description": "Light shower rain",
    "dewpt": 19.7,
    "min_temp": 23.7,
    "max_temp": 34.6,
    "temp": 29.0,
    "precip": 5.375,
    "pres": 960.19,
    "rh": 59.0,
    "snow": 0.0,
    "snow_depth": 0.0,
    "wind_cdir_full": "south",
    "wind_gust_spd": 7.30933,
    "wind_spd": 2.90033
  }
},
{
  "model": "service_development.weather",
  "pk": 190,
  "fields": {
    "cercle": "sikasso",
    "valid_date": "2019-06-01",
    "clouds": 86.0,
    "clouds_hi": 82.0,
    "clouds_mid": 11.0,
    "clouds_low": 0.0,
    "code": 520,
    "description": "Light shower rain",
    "dewpt": 20.7,
    "min_temp": 24.0,
    "max_temp": 36.6,
    "temp": 29.9,
    "precip": 7.0,
    "pres": 960.338,
    "rh": 59.0,
    "snow": 0.0,
    "snow_depth": 0.0,
    "wind_cdir_full": "south",
    "wind_gust_spd": 6.80529,
    "wind_spd": 2.36245
  }
},
{
  "model": "service_development.weather",
  "pk": 191,
  "fields": {
    "cercle": "sikasso",
    "valid_date": "2019-06-02",
    "clouds": 79.0,
    "clouds_hi": 70.0,
    "clouds_mid": 1.0,
    "clouds_low": 12.0,
    "code": 520,
    "description": "Light shower rain",
    "dewpt": 21.4,
    "min_temp": 25.0,
    "max_temp": 34.4,
    "temp": 30.2,
    "precip": 6.6875,
    "pres": 960.865,
    "rh": 60.0,
    "snow": 0.0,
    "snow_depth": 0.0,
    "wind_cdir_full": "southwest",
    "wind_gust_spd": 4.60013,
    "wind_spd": 2.91458
  }
},
{
  "model": "service_development.weather",
  "pk": 192,
  "fields": {
    "cercle": "sikasso",
    "valid_date": "2019-06-03",
    "clouds": 98.0,
    "clouds_hi": 95.0,
    "clouds_mid": 26.0,
    "clouds_low": 10.0,
    "code": 804,
    "description": "Overcast clouds",
    "dewpt": 20.8,
    "min_temp": 26.8,
    "max_temp": 36.6,
    "temp": 29.9,
    "precip": 0.625,
    "pres": 960.156,
    "rh": 58.0,
    "snow": 0.0,
    "snow_depth": 0.0,
    "wind_cdir_full": "southwest",
    "wind_gust_spd": 6.78373,
    "wind_spd": 3.17595
  }
},
{
  "model": "service_development.weather",
  "pk": 193,
  "fields": {
    "cercle": "yanfolila",
    "valid_date": "2019-05-19",
    "clouds": 74.0,
    "clouds_hi": 69.0,
    "clouds_mid": 14.0,
    "clouds_low": 8.0,
    "code": 804,
    "description": "Overcast clouds",
    "dewpt": 15.2,
    "min_temp": 31.6,
    "max_temp": 42.1,
    "temp": 36.6,
    "precip": 0.0,
    "pres": 967.018,
    "rh": 29.0,
    "snow": 0.0,
    "snow_depth": 0.0,
    "wind_cdir_full": "southwest",
    "wind_gust_spd": 9.10514,
    "wind_spd": 2.09734
  }
},
{
  "model": "service_development.weather",
  "pk": 194,
  "fields": {
    "cercle": "yanfolila",
    "valid_date": "2019-05-20",
    "clouds": 94.0,
    "clouds_hi": 91.0,
    "clouds_mid": 11.0,
    "clouds_low": 6.0,
    "code": 804,
    "description": "Overcast clouds",
    "dewpt": 17.2,
    "min_temp": 27.6,
    "max_temp": 39.5,
    "temp": 32.9,
    "precip": 0.0,
    "pres": 967.645,
    "rh": 41.0,
    "snow": 0.0,
    "snow_depth": 0.0,
    "wind_cdir_full": "southwest",
    "wind_gust_spd": 9.61559,
    "wind_spd": 3.08435
  }
},
{
  "model": "service_development.weather",
  "pk": 195,
  "fields": {
    "cercle": "yanfolila",
    "valid_date": "2019-05-21",
    "clouds": 86.0,
    "clouds_hi": 85.0,
    "clouds_mid": 0.0,
    "clouds_low": 1.0,
    "code": 804,
    "description": "Overcast clouds",
    "dewpt": 15.9,
    "min_temp": 27.7,
    "max_temp": 41.6,
    "temp": 33.8,
    "precip": 0.0,
    "pres": 967.287,
    "rh": 38.0,
    "snow": 0.0,
    "snow_depth": 0.0,
    "wind_cdir_full": "south-southwest",
    "wind_gust_spd": 9.50996,
    "wind_spd": 2.55791
  }
},
{
  "model": "service_development.weather",
  "pk": 196,
  "fields": {
    "cercle": "yanfolila",
    "valid_date": "2019-05-22",
    "clouds": 69.0,
    "clouds_hi": 54.0,
    "clouds_mid": 19.0,
    "clouds_low": 2.0,
    "code": 803,
    "description": "Broken clouds",
    "dewpt": 16.3,
    "min_temp": 28.7,
    "max_temp": 42.3,
    "temp": 34.5,
    "precip": 0.0,
    "pres": 966.284,
    "rh": 36.0,
    "snow": 0.0,
    "snow_depth": 0.0,
    "wind_cdir_full": "southwest",
    "wind_gust_spd": 10.1255,
    "wind_spd": 3.1568
  }
},
{
  "model": "service_development.weather",
  "pk": 197,
  "fields": {
    "cercle": "yanfolila",
    "valid_date": "2019-05-23",
    "clouds": 81.0,
    "clouds_hi": 76.0,
    "clouds_mid": 14.0,
    "clouds_low": 10.0,
    "code": 804,
    "description": "Overcast clouds",
    "dewpt": 19.1,
    "min_temp": 26.5,
    "max_temp": 39.6,
    "temp": 32.5,
    "precip": 3.125,
    "pres": 966.379,
    "rh": 46.0,
    "snow": 0.0,
    "snow_depth": 0.0,
    "wind_cdir_full": "south-southwest",
    "wind_gust_spd": 17.0089,
    "wind_spd": 3.3108
  }
},
{
  "model": "service_development.weather",
  "pk": 198,
  "fields": {
    "cercle": "yanfolila",
    "valid_date": "2019-05-24",
    "clouds": 67.0,
    "clouds_hi": 62.0,
    "clouds_mid": 22.0,
    "clouds_low": 2.0,
    "code": 803,
    "description": "Broken clouds",
    "dewpt": 18.5,
    "min_temp": 24.9,
    "max_temp": 38.7,
    "temp": 31.1,
    "precip": 1.875,
    "pres": 967.157,
    "rh": 50.0,
    "snow": 0.0,
    "snow_depth": 0.0,
    "wind_cdir_full": "south",
    "wind_gust_spd": 14.1048,
    "wind_spd": 3.78478
  }
},
{
  "model": "service_development.weather",
  "pk": 199,
  "fields": {
    "cercle": "yanfolila",
    "valid_date": "2019-05-25",
    "clouds": 60.0,
    "clouds_hi": 47.0,
    "clouds_mid": 6.0,
    "clouds_low": 18.0,
    "code": 803,
    "description": "Broken clouds",
    "dewpt": 18.8,
    "min_temp": 27.1,
    "max_temp": 39.6,
    "temp": 33.0,
    "precip": 0.0,
    "pres": 967.079,
    "rh": 45.0,
    "snow": 0.0,
    "snow_depth": 0.0,
    "wind_cdir_full": "south",
    "wind_gust_spd": 8.20886,
    "wind_spd": 2.58572
  }
},
{
  "model": "service_development.weather",
  "pk": 200,
  "fields": {
    "cercle": "yanfolila",
    "valid_date": "2019-05-26",
    "clouds": 70.0,
    "clouds_hi": 67.0,
    "clouds_mid": 16.0,
    "clouds_low": 22.0,
    "code": 804,
    "description": "Overcast clouds",
    "dewpt": 19.9,
    "min_temp": 27.3,
    "max_temp": 38.8,
    "temp": 31.1,
    "precip": 1.1875,
    "pres": 966.896,
    "rh": 53.0,
    "snow": 0.0,
    "snow_depth": 0.0,
    "wind_cdir_full": "south-southwest",
    "wind_gust_spd": 10.1264,
    "wind_spd": 2.78063
  }
},
{
  "model": "service_development.weather",
  "pk": 201,
  "fields": {
    "cercle": "yanfolila",
    "valid_date": "2019-05-27",
    "clouds": 96.0,
    "clouds_hi": 92.0,
    "clouds_mid": 14.0,
    "clouds_low": 18.0,
    "code": 804,
    "description": "Overcast clouds",
    "dewpt": 18.0,
    "min_temp": 25.6,
    "max_temp": 40.5,
    "temp": 32.3,
    "precip": 0.0,
    "pres": 965.803,
    "rh": 46.0,
    "snow": 0.0,
    "snow_depth": 0.0,
    "wind_cdir_full": "southwest",
    "wind_gust_spd": 6.7,
    "wind_spd": 2.41578
  }
},
{
  "model": "service_development.weather",
  "pk": 202,
  "fields": {
    "cercle": "yanfolila",
    "valid_date": "2019-05-28",
    "clouds": 98.0,
    "clouds_hi": 96.0,
    "clouds_mid": 4.0,
    "clouds_low": 6.0,
    "code": 804,
    "description": "Overcast clouds",
    "dewpt": 18.9,
    "min_temp": 27.1,
    "max_temp": 39.5,
    "temp": 33.0,
    "precip": 0.0,
    "pres": 965.18,
    "rh": 46.0,
    "snow": 0.0,
    "snow_depth": 0.0,
    "wind_cdir_full": "southwest",
    "wind_gust_spd": 9.00668,
    "wind_spd": 3.5901
  }
},
{
  "model": "service_development.weather",
  "pk": 203,
  "fields": {
    "cercle": "yanfolila",
    "valid_date": "2019-05-29",
    "clouds": 80.0,
    "clouds_hi": 80.0,
    "clouds_mid": 0.0,
    "clouds_low": 0.0,
    "code": 804,
    "description": "Overcast clouds",
    "dewpt": 20.0,
    "min_temp": 27.1,
    "max_temp": 39.8,
    "temp": 33.5,
    "precip": 0.0,
    "pres": 965.958,
    "rh": 47.0,
    "snow": 0.0,
    "snow_depth": 0.0,
    "wind_cdir_full": "southwest",
    "wind_gust_spd": 9.80934,
    "wind_spd": 4.11648
  }
},
{
  "model": "service_development.weather",
  "pk": 204,
  "fields": {
    "cercle": "yanfolila",
    "valid_date": "2019-05-30",
    "clouds": 49.0,
    "clouds_hi": 44.0,
    "clouds_mid": 0.0,
    "clouds_low": 6.0,
    "code": 803,
    "description": "Broken clouds",
    "dewpt": 20.7,
    "min_temp": 27.4,
    "max_temp": 39.9,
    "temp": 33.6,
    "precip": 0.0,
    "pres": 966.302,
    "rh": 47.0,
    "snow": 0.0,
    "snow_depth": 0.0,
    "wind_cdir_full": "south-southwest",
    "wind_gust_spd": 9.71885,
    "wind_spd": 4.88384
  }
},
{
  "model": "service_development.weather",
  "pk": 205,
  "fields": {
    "cercle": "yanfolila",
    "valid_date": "2019-05-31",
    "clouds": 96.0,
    "clouds_hi": 96.0,
    "clouds_mid": 4.0,
    "clouds_low": 12.0,
    "code": 520,
    "description": "Light shower rain",
    "dewpt": 20.4,
    "min_temp": 26.0,
    "max_temp": 36.0,
    "temp": 31.3,
    "precip": 5.5,
    "pres": 966.312,
    "rh": 54.0,
    "snow": 0.0,
    "snow_depth": 0.0,
    "wind_cdir_full": "south-southeast",
    "wind_gust_spd": 4.20933,
    "wind_spd": 2.23511
  }
},
{
  "model": "service_development.weather",
  "pk": 206,
  "fields": {
    "cercle": "yanfolila",
    "valid_date": "2019-06-01",
    "clouds": 98.0,
    "clouds_hi": 98.0,
    "clouds_mid": 38.0,
    "clouds_low": 1.0,
    "code": 804,
    "description": "Overcast clouds",
    "dewpt": 19.7,
    "min_temp": 25.8,
    "max_temp": 35.8,
    "temp": 30.8,
    "precip": 0.0,
    "pres": 966.708,
    "rh": 53.0,
    "snow": 0.0,
    "snow_depth": 0.0,
    "wind_cdir_full": "south",
    "wind_gust_spd": 6.70529,
    "wind_spd": 3.3592
  }
},
{
  "model": "service_development.weather",
  "pk": 207,
  "fields": {
    "cercle": "yanfolila",
    "valid_date": "2019-06-02",
    "clouds": 98.0,
    "clouds_hi": 98.0,
    "clouds_mid": 26.0,
    "clouds_low": 0.0,
    "code": 520,
    "description": "Light shower rain",
    "dewpt": 20.3,
    "min_temp": 24.6,
    "max_temp": 39.3,
    "temp": 30.7,
    "precip": 5.6875,
    "pres": 967.755,
    "rh": 55.0,
    "snow": 0.0,
    "snow_depth": 0.0,
    "wind_cdir_full": "west-southwest",
    "wind_gust_spd": 6.65047,
    "wind_spd": 2.87096
  }
},
{
  "model": "service_development.weather",
  "pk": 208,
  "fields": {
    "cercle": "yanfolila",
    "valid_date": "2019-06-03",
    "clouds": 74.0,
    "clouds_hi": 74.0,
    "clouds_mid": 2.0,
    "clouds_low": 2.0,
    "code": 804,
    "description": "Overcast clouds",
    "dewpt": 20.5,
    "min_temp": 26.4,
    "max_temp": 38.4,
    "temp": 32.6,
    "precip": 0.5,
    "pres": 966.806,
    "rh": 50.0,
    "snow": 0.0,
    "snow_depth": 0.0,
    "wind_cdir_full": "west-southwest",
    "wind_gust_spd": 5.48373,
    "wind_spd": 2.87661
  }
},
{
  "model": "service_development.weather",
  "pk": 209,
  "fields": {
    "cercle": "yorosso",
    "valid_date": "2019-05-19",
    "clouds": 61.0,
    "clouds_hi": 59.0,
    "clouds_mid": 5.0,
    "clouds_low": 1.0,
    "code": 803,
    "description": "Broken clouds",
    "dewpt": 17.0,
    "min_temp": 32.7,
    "max_temp": 38.0,
    "temp": 36.1,
    "precip": 0.0,
    "pres": 964.692,
    "rh": 32.0,
    "snow": 0.0,
    "snow_depth": 0.0,
    "wind_cdir_full": "west-southwest",
    "wind_gust_spd": 8.80514,
    "wind_spd": 4.49809
  }
},
{
  "model": "service_development.weather",
  "pk": 210,
  "fields": {
    "cercle": "yorosso",
    "valid_date": "2019-05-20",
    "clouds": 88.0,
    "clouds_hi": 86.0,
    "clouds_mid": 28.0,
    "clouds_low": 0.0,
    "code": 804,
    "description": "Overcast clouds",
    "dewpt": 18.9,
    "min_temp": 28.3,
    "max_temp": 36.0,
    "temp": 32.6,
    "precip": 0.0,
    "pres": 965.646,
    "rh": 45.0,
    "snow": 0.0,
    "snow_depth": 0.0,
    "wind_cdir_full": "southwest",
    "wind_gust_spd": 12.2036,
    "wind_spd": 4.24247
  }
},
{
  "model": "service_development.weather",
  "pk": 211,
  "fields": {
    "cercle": "yorosso",
    "valid_date": "2019-05-21",
    "clouds": 87.0,
    "clouds_hi": 87.0,
    "clouds_mid": 0.0,
    "clouds_low": 3.0,
    "code": 804,
    "description": "Overcast clouds",
    "dewpt": 17.8,
    "min_temp": 29.0,
    "max_temp": 38.5,
    "temp": 33.9,
    "precip": 0.0,
    "pres": 964.92,
    "rh": 40.0,
    "snow": 0.0,
    "snow_depth": 0.0,
    "wind_cdir_full": "southwest",
    "wind_gust_spd": 9.22351,
    "wind_spd": 3.95241
  }
},
{
  "model": "service_development.weather",
  "pk": 212,
  "fields": {
    "cercle": "yorosso",
    "valid_date": "2019-05-22",
    "clouds": 87.0,
    "clouds_hi": 66.0,
    "clouds_mid": 39.0,
    "clouds_low": 9.0,
    "code": 804,
    "description": "Overcast clouds",
    "dewpt": 18.8,
    "min_temp": 30.2,
    "max_temp": 38.6,
    "temp": 34.3,
    "precip": 0.0,
    "pres": 964.45,
    "rh": 41.0,
    "snow": 0.0,
    "snow_depth": 0.0,
    "wind_cdir_full": "south-southwest",
    "wind_gust_spd": 11.2276,
    "wind_spd": 3.60368
  }
},
{
  "model": "service_development.weather",
  "pk": 213,
  "fields": {
    "cercle": "yorosso",
    "valid_date": "2019-05-23",
    "clouds": 92.0,
    "clouds_hi": 84.0,
    "clouds_mid": 45.0,
    "clouds_low": 20.0,
    "code": 804,
    "description": "Overcast clouds",
    "dewpt": 19.9,
    "min_temp": 28.3,
    "max_temp": 36.9,
    "temp": 33.1,
    "precip": 0.3125,
    "pres": 964.858,
    "rh": 46.0,
    "snow": 0.0,
    "snow_depth": 0.0,
    "wind_cdir_full": "south",
    "wind_gust_spd": 10.3157,
    "wind_spd": 4.54345
  }
},
{
  "model": "service_development.weather",
  "pk": 214,
  "fields": {
    "cercle": "yorosso",
    "valid_date": "2019-05-24",
    "clouds": 75.0,
    "clouds_hi": 73.0,
    "clouds_mid": 1.0,
    "clouds_low": 2.0,
    "code": 804,
    "description": "Overcast clouds",
    "dewpt": 18.6,
    "min_temp": 28.2,
    "max_temp": 38.4,
    "temp": 33.1,
    "precip": 0.0,
    "pres": 965.059,
    "rh": 44.0,
    "snow": 0.0,
    "snow_depth": 0.0,
    "wind_cdir_full": "south",
    "wind_gust_spd": 8.03891,
    "wind_spd": 4.36291
  }
},
{
  "model": "service_development.weather",
  "pk": 215,
  "fields": {
    "cercle": "yorosso",
    "valid_date": "2019-05-25",
    "clouds": 56.0,
    "clouds_hi": 42.0,
    "clouds_mid": 9.0,
    "clouds_low": 21.0,
    "code": 803,
    "description": "Broken clouds",
    "dewpt": 17.9,
    "min_temp": 28.9,
    "max_temp": 37.4,
    "temp": 33.6,
    "precip": 2.0,
    "pres": 965.181,
    "rh": 41.0,
    "snow": 0.0,
    "snow_depth": 0.0,
    "wind_cdir_full": "south-southwest",
    "wind_gust_spd": 8.80407,
    "wind_spd": 2.9557
  }
},
{
  "model": "service_development.weather",
  "pk": 216,
  "fields": {
    "cercle": "yorosso",
    "valid_date": "2019-05-26",
    "clouds": 96.0,
    "clouds_hi": 94.0,
    "clouds_mid": 32.0,
    "clouds_low": 16.0,
    "code": 201,
    "description": "Thunderstorm with rain",
    "dewpt": 18.2,
    "min_temp": 26.9,
    "max_temp": 32.5,
    "temp": 29.9,
    "precip": 13.375,
    "pres": 965.236,
    "rh": 50.0,
    "snow": 0.0,
    "snow_depth": 0.0,
    "wind_cdir_full": "south-southwest",
    "wind_gust_spd": 14.1288,
    "wind_spd": 4.4759
  }
},
{
  "model": "service_development.weather",
  "pk": 217,
  "fields": {
    "cercle": "yorosso",
    "valid_date": "2019-05-27",
    "clouds": 89.0,
    "clouds_hi": 89.0,
    "clouds_mid": 0.0,
    "clouds_low": 0.0,
    "code": 804,
    "description": "Overcast clouds",
    "dewpt": 18.5,
    "min_temp": 25.6,
    "max_temp": 37.6,
    "temp": 31.5,
    "precip": 0.8125,
    "pres": 963.549,
    "rh": 48.0,
    "snow": 0.0,
    "snow_depth": 0.0,
    "wind_cdir_full": "southwest",
    "wind_gust_spd": 7.90387,
    "wind_spd": 3.76171
  }
},
{
  "model": "service_development.weather",
  "pk": 218,
  "fields": {
    "cercle": "yorosso",
    "valid_date": "2019-05-28",
    "clouds": 63.0,
    "clouds_hi": 63.0,
    "clouds_mid": 0.0,
    "clouds_low": 0.0,
    "code": 803,
    "description": "Broken clouds",
    "dewpt": 19.6,
    "min_temp": 28.1,
    "max_temp": 38.8,
    "temp": 33.2,
    "precip": 0.0,
    "pres": 962.948,
    "rh": 47.0,
    "snow": 0.0,
    "snow_depth": 0.0,
    "wind_cdir_full": "southwest",
    "wind_gust_spd": 11.3,
    "wind_spd": 4.79071
  }
},
{
  "model": "service_development.weather",
  "pk": 219,
  "fields": {
    "cercle": "yorosso",
    "valid_date": "2019-05-29",
    "clouds": 74.0,
    "clouds_hi": 74.0,
    "clouds_mid": 0.0,
    "clouds_low": 0.0,
    "code": 804,
    "description": "Overcast clouds",
    "dewpt": 21.3,
    "min_temp": 28.8,
    "max_temp": 38.5,
    "temp": 33.9,
    "precip": 0.0,
    "pres": 964.488,
    "rh": 48.0,
    "snow": 0.0,
    "snow_depth": 0.0,
    "wind_cdir_full": "south-southwest",
    "wind_gust_spd": 11.2093,
    "wind_spd": 6.20334
  }
},
{
  "model": "service_development.weather",
  "pk": 220,
  "fields": {
    "cercle": "yorosso",
    "valid_date": "2019-05-30",
    "clouds": 65.0,
    "clouds_hi": 64.0,
    "clouds_mid": 34.0,
    "clouds_low": 17.0,
    "code": 201,
    "description": "Thunderstorm with rain",
    "dewpt": 21.4,
    "min_temp": 26.4,
    "max_temp": 32.1,
    "temp": 29.3,
    "precip": 41.0625,
    "pres": 967.368,
    "rh": 64.0,
    "snow": 0.0,
    "snow_depth": 0.0,
    "wind_cdir_full": "west",
    "wind_gust_spd": 9.41885,
    "wind_spd": 3.50758
  }
},
{
  "model": "service_development.weather",
  "pk": 221,
  "fields": {
    "cercle": "yorosso",
    "valid_date": "2019-05-31",
    "clouds": 99.0,
    "clouds_hi": 98.0,
    "clouds_mid": 62.0,
    "clouds_low": 0.0,
    "code": 804,
    "description": "Overcast clouds",
    "dewpt": 20.1,
    "min_temp": 25.0,
    "max_temp": 33.5,
    "temp": 29.4,
    "precip": 0.375,
    "pres": 966.29,
    "rh": 59.0,
    "snow": 0.0,
    "snow_depth": 0.0,
    "wind_cdir_full": "southwest",
    "wind_gust_spd": 5.60006,
    "wind_spd": 2.50787
  }
},
{
  "model": "service_development.weather",
  "pk": 222,
  "fields": {
    "cercle": "yorosso",
    "valid_date": "2019-06-01",
    "clouds": 78.0,
    "clouds_hi": 62.0,
    "clouds_mid": 31.0,
    "clouds_low": 0.0,
    "code": 804,
    "description": "Overcast clouds",
    "dewpt": 20.4,
    "min_temp": 26.6,
    "max_temp": 37.1,
    "temp": 31.5,
    "precip": 0.0,
    "pres": 965.926,
    "rh": 52.0,
    "snow": 0.0,
    "snow_depth": 0.0,
    "wind_cdir_full": "south",
    "wind_gust_spd": 5.50529,
    "wind_spd": 3.03762
  }
},
{
  "model": "service_development.weather",
  "pk": 223,
  "fields": {
    "cercle": "yorosso",
    "valid_date": "2019-06-02",
    "clouds": 64.0,
    "clouds_hi": 60.0,
    "clouds_mid": 5.0,
    "clouds_low": 1.0,
    "code": 803,
    "description": "Broken clouds",
    "dewpt": 21.1,
    "min_temp": 28.5,
    "max_temp": 37.0,
    "temp": 33.3,
    "precip": 0.5,
    "pres": 965.805,
    "rh": 49.0,
    "snow": 0.0,
    "snow_depth": 0.0,
    "wind_cdir_full": "southwest",
    "wind_gust_spd": 7.45047,
    "wind_spd": 4.53142
  }
},
{
  "model": "service_development.weather",
  "pk": 224,
  "fields": {
    "cercle": "yorosso",
    "valid_date": "2019-06-03",
    "clouds": 78.0,
    "clouds_hi": 78.0,
    "clouds_mid": 2.0,
    "clouds_low": 10.0,
    "code": 804,
    "description": "Overcast clouds",
    "dewpt": 20.5,
    "min_temp": 29.1,
    "max_temp": 39.5,
    "temp": 34.1,
    "precip": 0.0,
    "pres": 964.888,
    "rh": 45.0,
    "snow": 0.0,
    "snow_depth": 0.0,
    "wind_cdir_full": "southwest",
    "wind_gust_spd": 8.68373,
    "wind_spd": 4.77589
  }
},
{
  "model": "service_development.cercle",
  "pk": "bougouni",
  "fields": {
    "weather_api_id": 2459775
  }
},
{
  "model": "service_development.cercle",
  "pk": "kadiolo",
  "fields": {
    "weather_api_id": 2455974
  }
},
{
  "model": "service_development.cercle",
  "pk": "kolondieba",
  "fields": {
    "weather_api_id": 2454934
  }
},
{
  "model": "service_development.cercle",
  "pk": "koutiala",
  "fields": {
    "weather_api_id": 2454268
  }
},
{
  "model": "service_development.cercle",
  "pk": "sikasso",
  "fields": {
    "weather_api_id": 2451185
  }
},
{
  "model": "service_development.cercle",
  "pk": "yanfolila",
  "fields": {
    "weather_api_id": 2448518
  }
},
{
  "model": "service_development.cercle",
  "pk": "yorosso",
  "fields": {
    "weather_api_id": 2448442
  }
}
]
