[
{
  "model": "service_development.voicelabel",
  "pk": 1,
  "fields": {
    "name": "Dutch language",
    "description": "Nederlandse taal"
  }
},
{
  "model": "service_development.voicelabel",
  "pk": 2,
  "fields": {
    "name": "General error message",
    "description": ""
  }
},
{
  "model": "service_development.voicelabel",
  "pk": 3,
  "fields": {
    "name": "This is the truth",
    "description": ""
  }
},
{
  "model": "service_development.voicelabel",
  "pk": 4,
  "fields": {
    "name": "English language",
    "description": ""
  }
},
{
  "model": "service_development.voicelabel",
  "pk": 5,
  "fields": {
    "name": "Thank you for using this service",
    "description": ""
  }
},
{
  "model": "service_development.voicelabel",
  "pk": 6,
  "fields": {
    "name": "Wow, it must be a really boring guy!",
    "description": ""
  }
},
{
  "model": "service_development.voicelabel",
  "pk": 7,
  "fields": {
    "name": "French language",
    "description": ""
  }
},
{
  "model": "service_development.voicelabel",
  "pk": 8,
  "fields": {
    "name": "Please select your language",
    "description": ""
  }
},
{
  "model": "service_development.voicelabel",
  "pk": 9,
  "fields": {
    "name": "Pre Choice Option",
    "description": ""
  }
},
{
  "model": "service_development.voicelabel",
  "pk": 10,
  "fields": {
    "name": "Post Choice Option",
    "description": ""
  }
},
{
  "model": "service_development.voicelabel",
  "pk": 11,
  "fields": {
    "name": "One",
    "description": ""
  }
},
{
  "model": "service_development.voicelabel",
  "pk": 12,
  "fields": {
    "name": "Two",
    "description": ""
  }
},
{
  "model": "service_development.voicelabel",
  "pk": 13,
  "fields": {
    "name": "Three",
    "description": ""
  }
},
{
  "model": "service_development.voicelabel",
  "pk": 14,
  "fields": {
    "name": "Four",
    "description": ""
  }
},
{
  "model": "service_development.voicelabel",
  "pk": 15,
  "fields": {
    "name": "Five",
    "description": ""
  }
},
{
  "model": "service_development.voicelabel",
  "pk": 16,
  "fields": {
    "name": "Six",
    "description": ""
  }
},
{
  "model": "service_development.voicelabel",
  "pk": 17,
  "fields": {
    "name": "Seven",
    "description": ""
  }
},
{
  "model": "service_development.voicelabel",
  "pk": 18,
  "fields": {
    "name": "Eight",
    "description": ""
  }
},
{
  "model": "service_development.voicelabel",
  "pk": 19,
  "fields": {
    "name": "Nine",
    "description": ""
  }
},
{
  "model": "service_development.voicelabel",
  "pk": 20,
  "fields": {
    "name": "Zero",
    "description": ""
  }
},
{
  "model": "service_development.voicelabel",
  "pk": 21,
  "fields": {
    "name": "Yes",
    "description": ""
  }
},
{
  "model": "service_development.voicelabel",
  "pk": 22,
  "fields": {
    "name": "No",
    "description": ""
  }
},
{
  "model": "service_development.voicelabel",
  "pk": 23,
  "fields": {
    "name": "Does the king like to drink beer?",
    "description": ""
  }
},
{
  "model": "service_development.voicelabel",
  "pk": 25,
  "fields": {
    "name": "Please speak your message",
    "description": ""
  }
},
{
  "model": "service_development.voicelabel",
  "pk": 26,
  "fields": {
    "name": "Select region",
    "description": null
  }
},
{
  "model": "service_development.voicelabel",
  "pk": 27,
  "fields": {
    "name": "millet",
    "description": "Prediction for when millet is selected as crop"
  }
},
{
  "model": "service_development.voicelabel",
  "pk": 28,
  "fields": {
    "name": "corn",
    "description": "Prediction for when corn is selected as crop"
  }
},
{
  "model": "service_development.voicelabel",
  "pk": 29,
  "fields": {
    "name": "rice",
    "description": "Prediction for when rice is selected as crop"
  }
},
{
  "model": "service_development.voicelabel",
  "pk": 30,
  "fields": {
    "name": "Choose crop - Sikasso",
    "description": null
  }
},
{
  "model": "service_development.voicelabel",
  "pk": 31,
  "fields": {
    "name": "Choose cercle",
    "description": "Choose where you live"
  }
},
{
  "model": "service_development.voicelabel",
  "pk": 32,
  "fields": {
    "name": "Choose language",
    "description": "Select a language"
  }
},
{
  "model": "service_development.voicelabel",
  "pk": 33,
  "fields": {
    "name": "Thank you",
    "description": "Thanks for using service"
  }
},
{
  "model": "service_development.voicelabel",
  "pk": 34,
  "fields": {
    "name": "Selected - Sikasso",
    "description": null
  }
},
{
  "model": "service_development.voicelabel",
  "pk": 35,
  "fields": {
    "name": "Sikasso",
    "description": "Sikasso"
  }
},
{
  "model": "service_development.voicelabel",
  "pk": 36,
  "fields": {
    "name": "Corn prediction",
    "description": null
  }
},
{
  "model": "service_development.voicelabel",
  "pk": 37,
  "fields": {
    "name": "Millet prediction",
    "description": null
  }
},
{
  "model": "service_development.voicelabel",
  "pk": 38,
  "fields": {
    "name": "Rice prediction",
    "description": null
  }
},
{
  "model": "service_development.language",
  "pk": 1,
  "fields": {
    "name": "Nederlands",
    "code": "nl",
    "voice_label": 1,
    "error_message": 2,
    "select_language": 8,
    "pre_choice_option": 9,
    "post_choice_option": 10,
    "one": 11,
    "two": 12,
    "three": 13,
    "four": 14,
    "five": 15,
    "six": 16,
    "seven": 17,
    "eight": 18,
    "nine": 19,
    "zero": 20
  }
},
{
  "model": "service_development.language",
  "pk": 2,
  "fields": {
    "name": "English",
    "code": "en",
    "voice_label": 4,
    "error_message": 2,
    "select_language": 8,
    "pre_choice_option": 9,
    "post_choice_option": 10,
    "one": 11,
    "two": 12,
    "three": 13,
    "four": 14,
    "five": 15,
    "six": 16,
    "seven": 17,
    "eight": 18,
    "nine": 19,
    "zero": 20
  }
},
{
  "model": "service_development.language",
  "pk": 3,
  "fields": {
    "name": "Francais",
    "code": "fr",
    "voice_label": 7,
    "error_message": 2,
    "select_language": 8,
    "pre_choice_option": 9,
    "post_choice_option": 10,
    "one": 11,
    "two": 12,
    "three": 13,
    "four": 14,
    "five": 15,
    "six": 16,
    "seven": 17,
    "eight": 18,
    "nine": 19,
    "zero": 20
  }
},
{
  "model": "service_development.voicefragment",
  "pk": 1,
  "fields": {
    "parent": 6,
    "language": 2,
    "audio": "boring_guy_en.wav"
  }
},
{
  "model": "service_development.voicefragment",
  "pk": 2,
  "fields": {
    "parent": 6,
    "language": 1,
    "audio": "boring_guy_nl.wav"
  }
},
{
  "model": "service_development.voicefragment",
  "pk": 6,
  "fields": {
    "parent": 22,
    "language": 1,
    "audio": "no_nl.wav"
  }
},
{
  "model": "service_development.voicefragment",
  "pk": 7,
  "fields": {
    "parent": 22,
    "language": 2,
    "audio": "no_en.wav"
  }
},
{
  "model": "service_development.voicefragment",
  "pk": 8,
  "fields": {
    "parent": 22,
    "language": 3,
    "audio": "no_fr.wav"
  }
},
{
  "model": "service_development.voicefragment",
  "pk": 9,
  "fields": {
    "parent": 21,
    "language": 1,
    "audio": "yes_nl.wav"
  }
},
{
  "model": "service_development.voicefragment",
  "pk": 10,
  "fields": {
    "parent": 21,
    "language": 2,
    "audio": "yes_en.wav"
  }
},
{
  "model": "service_development.voicefragment",
  "pk": 11,
  "fields": {
    "parent": 21,
    "language": 3,
    "audio": "yes_fr.wav"
  }
},
{
  "model": "service_development.voicefragment",
  "pk": 12,
  "fields": {
    "parent": 20,
    "language": 1,
    "audio": "0_nl.wav"
  }
},
{
  "model": "service_development.voicefragment",
  "pk": 13,
  "fields": {
    "parent": 20,
    "language": 2,
    "audio": "0_en.wav"
  }
},
{
  "model": "service_development.voicefragment",
  "pk": 14,
  "fields": {
    "parent": 20,
    "language": 3,
    "audio": "0_fr.wav"
  }
},
{
  "model": "service_development.voicefragment",
  "pk": 15,
  "fields": {
    "parent": 19,
    "language": 1,
    "audio": "9_nl.wav"
  }
},
{
  "model": "service_development.voicefragment",
  "pk": 16,
  "fields": {
    "parent": 19,
    "language": 2,
    "audio": "9_fr.wav"
  }
},
{
  "model": "service_development.voicefragment",
  "pk": 17,
  "fields": {
    "parent": 19,
    "language": 3,
    "audio": "9_en.wav"
  }
},
{
  "model": "service_development.voicefragment",
  "pk": 18,
  "fields": {
    "parent": 18,
    "language": 1,
    "audio": "8_nl.wav"
  }
},
{
  "model": "service_development.voicefragment",
  "pk": 19,
  "fields": {
    "parent": 18,
    "language": 2,
    "audio": "8_en.wav"
  }
},
{
  "model": "service_development.voicefragment",
  "pk": 20,
  "fields": {
    "parent": 18,
    "language": 3,
    "audio": "8_fr.wav"
  }
},
{
  "model": "service_development.voicefragment",
  "pk": 21,
  "fields": {
    "parent": 17,
    "language": 1,
    "audio": "7_nl.wav"
  }
},
{
  "model": "service_development.voicefragment",
  "pk": 22,
  "fields": {
    "parent": 17,
    "language": 2,
    "audio": "7_en.wav"
  }
},
{
  "model": "service_development.voicefragment",
  "pk": 23,
  "fields": {
    "parent": 17,
    "language": 3,
    "audio": "7_fr.wav"
  }
},
{
  "model": "service_development.voicefragment",
  "pk": 24,
  "fields": {
    "parent": 16,
    "language": 1,
    "audio": "6_nl.wav"
  }
},
{
  "model": "service_development.voicefragment",
  "pk": 25,
  "fields": {
    "parent": 16,
    "language": 2,
    "audio": "6_en.wav"
  }
},
{
  "model": "service_development.voicefragment",
  "pk": 26,
  "fields": {
    "parent": 16,
    "language": 3,
    "audio": "6_fr.wav"
  }
},
{
  "model": "service_development.voicefragment",
  "pk": 27,
  "fields": {
    "parent": 15,
    "language": 1,
    "audio": "5_nl.wav"
  }
},
{
  "model": "service_development.voicefragment",
  "pk": 28,
  "fields": {
    "parent": 15,
    "language": 2,
    "audio": "5_en.wav"
  }
},
{
  "model": "service_development.voicefragment",
  "pk": 29,
  "fields": {
    "parent": 15,
    "language": 3,
    "audio": "5_fr.wav"
  }
},
{
  "model": "service_development.voicefragment",
  "pk": 30,
  "fields": {
    "parent": 14,
    "language": 1,
    "audio": "4_nl.wav"
  }
},
{
  "model": "service_development.voicefragment",
  "pk": 31,
  "fields": {
    "parent": 14,
    "language": 2,
    "audio": "4_fr.wav"
  }
},
{
  "model": "service_development.voicefragment",
  "pk": 32,
  "fields": {
    "parent": 14,
    "language": 3,
    "audio": "4_en.wav"
  }
},
{
  "model": "service_development.voicefragment",
  "pk": 33,
  "fields": {
    "parent": 13,
    "language": 1,
    "audio": "3_nl.wav"
  }
},
{
  "model": "service_development.voicefragment",
  "pk": 34,
  "fields": {
    "parent": 13,
    "language": 2,
    "audio": "3_en.wav"
  }
},
{
  "model": "service_development.voicefragment",
  "pk": 35,
  "fields": {
    "parent": 13,
    "language": 3,
    "audio": "3_fr.wav"
  }
},
{
  "model": "service_development.voicefragment",
  "pk": 36,
  "fields": {
    "parent": 12,
    "language": 1,
    "audio": "2_nl.wav"
  }
},
{
  "model": "service_development.voicefragment",
  "pk": 37,
  "fields": {
    "parent": 12,
    "language": 2,
    "audio": "2_en.wav"
  }
},
{
  "model": "service_development.voicefragment",
  "pk": 38,
  "fields": {
    "parent": 12,
    "language": 3,
    "audio": "2_fr.wav"
  }
},
{
  "model": "service_development.voicefragment",
  "pk": 39,
  "fields": {
    "parent": 11,
    "language": 1,
    "audio": "1_nl.wav"
  }
},
{
  "model": "service_development.voicefragment",
  "pk": 40,
  "fields": {
    "parent": 11,
    "language": 2,
    "audio": "1_en.wav"
  }
},
{
  "model": "service_development.voicefragment",
  "pk": 41,
  "fields": {
    "parent": 11,
    "language": 3,
    "audio": "1_fr.wav"
  }
},
{
  "model": "service_development.voicefragment",
  "pk": 42,
  "fields": {
    "parent": 10,
    "language": 1,
    "audio": "post_choice_option_nl.wav"
  }
},
{
  "model": "service_development.voicefragment",
  "pk": 43,
  "fields": {
    "parent": 10,
    "language": 2,
    "audio": "post_choice_option_en.wav"
  }
},
{
  "model": "service_development.voicefragment",
  "pk": 44,
  "fields": {
    "parent": 10,
    "language": 3,
    "audio": "post_choice_option_fr.wav"
  }
},
{
  "model": "service_development.voicefragment",
  "pk": 45,
  "fields": {
    "parent": 9,
    "language": 1,
    "audio": "pre_choice_option_nl.wav"
  }
},
{
  "model": "service_development.voicefragment",
  "pk": 46,
  "fields": {
    "parent": 9,
    "language": 2,
    "audio": "pre_choice_option_en.wav"
  }
},
{
  "model": "service_development.voicefragment",
  "pk": 47,
  "fields": {
    "parent": 9,
    "language": 3,
    "audio": "pre_choice_option_fr.wav"
  }
},
{
  "model": "service_development.voicefragment",
  "pk": 48,
  "fields": {
    "parent": 8,
    "language": 1,
    "audio": "select_language_nl.wav"
  }
},
{
  "model": "service_development.voicefragment",
  "pk": 49,
  "fields": {
    "parent": 8,
    "language": 2,
    "audio": "select_language_en.wav"
  }
},
{
  "model": "service_development.voicefragment",
  "pk": 50,
  "fields": {
    "parent": 8,
    "language": 3,
    "audio": "select_language_fr.wav"
  }
},
{
  "model": "service_development.voicefragment",
  "pk": 51,
  "fields": {
    "parent": 7,
    "language": 1,
    "audio": "french_nl.wav"
  }
},
{
  "model": "service_development.voicefragment",
  "pk": 52,
  "fields": {
    "parent": 7,
    "language": 2,
    "audio": "french_en.wav"
  }
},
{
  "model": "service_development.voicefragment",
  "pk": 53,
  "fields": {
    "parent": 7,
    "language": 3,
    "audio": "french_fr.wav"
  }
},
{
  "model": "service_development.voicefragment",
  "pk": 54,
  "fields": {
    "parent": 6,
    "language": 3,
    "audio": "boring_guy_fr.wav"
  }
},
{
  "model": "service_development.voicefragment",
  "pk": 55,
  "fields": {
    "parent": 5,
    "language": 1,
    "audio": "thank_you_for_using_nl.wav"
  }
},
{
  "model": "service_development.voicefragment",
  "pk": 56,
  "fields": {
    "parent": 5,
    "language": 2,
    "audio": "thank_you_for_using_en.wav"
  }
},
{
  "model": "service_development.voicefragment",
  "pk": 57,
  "fields": {
    "parent": 5,
    "language": 3,
    "audio": "thank_you_for_using_fr.wav"
  }
},
{
  "model": "service_development.voicefragment",
  "pk": 58,
  "fields": {
    "parent": 4,
    "language": 1,
    "audio": "english_nl.wav"
  }
},
{
  "model": "service_development.voicefragment",
  "pk": 59,
  "fields": {
    "parent": 4,
    "language": 2,
    "audio": "english_en.wav"
  }
},
{
  "model": "service_development.voicefragment",
  "pk": 60,
  "fields": {
    "parent": 4,
    "language": 3,
    "audio": "english_fr.wav"
  }
},
{
  "model": "service_development.voicefragment",
  "pk": 61,
  "fields": {
    "parent": 3,
    "language": 1,
    "audio": "truth_nl.wav"
  }
},
{
  "model": "service_development.voicefragment",
  "pk": 62,
  "fields": {
    "parent": 3,
    "language": 2,
    "audio": "truth_en.wav"
  }
},
{
  "model": "service_development.voicefragment",
  "pk": 63,
  "fields": {
    "parent": 3,
    "language": 3,
    "audio": "truth_fr.wav"
  }
},
{
  "model": "service_development.voicefragment",
  "pk": 64,
  "fields": {
    "parent": 2,
    "language": 1,
    "audio": "error_nl.wav"
  }
},
{
  "model": "service_development.voicefragment",
  "pk": 65,
  "fields": {
    "parent": 2,
    "language": 2,
    "audio": "error_en.wav"
  }
},
{
  "model": "service_development.voicefragment",
  "pk": 66,
  "fields": {
    "parent": 2,
    "language": 3,
    "audio": "error_fr.wav"
  }
},
{
  "model": "service_development.voicefragment",
  "pk": 67,
  "fields": {
    "parent": 1,
    "language": 1,
    "audio": "dutch_nl.wav"
  }
},
{
  "model": "service_development.voicefragment",
  "pk": 68,
  "fields": {
    "parent": 1,
    "language": 2,
    "audio": "dutch_en.wav"
  }
},
{
  "model": "service_development.voicefragment",
  "pk": 69,
  "fields": {
    "parent": 1,
    "language": 3,
    "audio": "dutch_fr.wav"
  }
},
{
  "model": "service_development.voicefragment",
  "pk": 70,
  "fields": {
    "parent": 23,
    "language": 1,
    "audio": "king_question_nl.wav"
  }
},
{
  "model": "service_development.voicefragment",
  "pk": 71,
  "fields": {
    "parent": 23,
    "language": 2,
    "audio": "king_question_en.wav"
  }
},
{
  "model": "service_development.voicefragment",
  "pk": 72,
  "fields": {
    "parent": 23,
    "language": 3,
    "audio": "king_question_fr.wav"
  }
},
{
  "model": "service_development.voicefragment",
  "pk": 74,
  "fields": {
    "parent": 25,
    "language": 3,
    "audio": "speakYourMessage.wav"
  }
},
{
  "model": "service_development.voicefragment",
  "pk": 75,
  "fields": {
    "parent": 26,
    "language": 2,
    "audio": "test.wav"
  }
},
{
  "model": "service_development.voicefragment",
  "pk": 76,
  "fields": {
    "parent": 26,
    "language": 3,
    "audio": "test_ReY8H6B.wav"
  }
},
{
  "model": "service_development.voicefragment",
  "pk": 77,
  "fields": {
    "parent": 27,
    "language": 2,
    "audio": "millets_4KIyXdk.wav"
  }
},
{
  "model": "service_development.voicefragment",
  "pk": 78,
  "fields": {
    "parent": 28,
    "language": 2,
    "audio": "corn_bwYrHOi.wav"
  }
},
{
  "model": "service_development.voicefragment",
  "pk": 79,
  "fields": {
    "parent": 29,
    "language": 2,
    "audio": "rice_Rq6S92Z.wav"
  }
},
{
  "model": "service_development.voicefragment",
  "pk": 80,
  "fields": {
    "parent": 30,
    "language": 2,
    "audio": "sikasso_eFxyTjY.wav"
  }
},
{
  "model": "service_development.voicefragment",
  "pk": 81,
  "fields": {
    "parent": 31,
    "language": 2,
    "audio": "choose-cercle_LQ7Y5HM.wav"
  }
},
{
  "model": "service_development.voicefragment",
  "pk": 82,
  "fields": {
    "parent": 32,
    "language": 2,
    "audio": "choose-language.wav"
  }
},
{
  "model": "service_development.voicefragment",
  "pk": 83,
  "fields": {
    "parent": 33,
    "language": 2,
    "audio": "thankyou.wav"
  }
},
{
  "model": "service_development.voicefragment",
  "pk": 84,
  "fields": {
    "parent": 34,
    "language": 2,
    "audio": "selected-sikasso_eR7V6pO.wav"
  }
},
{
  "model": "service_development.voicefragment",
  "pk": 85,
  "fields": {
    "parent": 35,
    "language": 2,
    "audio": "sikasso_oXpklw5_NaLezQ9.wav"
  }
},
{
  "model": "service_development.voicefragment",
  "pk": 86,
  "fields": {
    "parent": 36,
    "language": 2,
    "audio": "corn-prediction.wav"
  }
},
{
  "model": "service_development.voicefragment",
  "pk": 87,
  "fields": {
    "parent": 37,
    "language": 2,
    "audio": "millets-prediction.wav"
  }
},
{
  "model": "service_development.voicefragment",
  "pk": 88,
  "fields": {
    "parent": 38,
    "language": 2,
    "audio": "rice-prediction.wav"
  }
},
{
  "model": "service_development.voicefragment",
  "pk": 89,
  "fields": {
    "parent": 35,
    "language": 3,
    "audio": "sikasso_oXpklw5.wav"
  }
},
{
  "model": "service_development.voicefragment",
  "pk": 90,
  "fields": {
    "parent": 31,
    "language": 3,
    "audio": "choose-cercle-fr.wav"
  }
},
{
  "model": "service_development.voicefragment",
  "pk": 91,
  "fields": {
    "parent": 27,
    "language": 3,
    "audio": "millets-fr.wav"
  }
},
{
  "model": "service_development.voicefragment",
  "pk": 92,
  "fields": {
    "parent": 28,
    "language": 3,
    "audio": "corn-fr.wav"
  }
},
{
  "model": "service_development.voicefragment",
  "pk": 93,
  "fields": {
    "parent": 29,
    "language": 3,
    "audio": "rice-fr.wav"
  }
},
{
  "model": "service_development.voicefragment",
  "pk": 94,
  "fields": {
    "parent": 33,
    "language": 3,
    "audio": "thankyou-fr.wav"
  }
},
{
  "model": "service_development.voicefragment",
  "pk": 95,
  "fields": {
    "parent": 34,
    "language": 3,
    "audio": "selected-sikasso-fr.wav"
  }
},
{
  "model": "service_development.voicefragment",
  "pk": 96,
  "fields": {
    "parent": 36,
    "language": 3,
    "audio": "corn-prediction-fr.wav"
  }
},
{
  "model": "service_development.voicefragment",
  "pk": 97,
  "fields": {
    "parent": 37,
    "language": 3,
    "audio": "millets-prediction-fr.wav"
  }
},
{
  "model": "service_development.voicefragment",
  "pk": 98,
  "fields": {
    "parent": 38,
    "language": 3,
    "audio": "rice-prediction-fr.wav"
  }
},
{
  "model": "service_development.voiceservicesubelement",
  "pk": 2,
  "fields": {
    "service": 1,
    "creation_date": "2017-04-23T19:30:23.792Z",
    "modification_date": "2018-02-16T16:42:26.402Z",
    "name": "Does the king like to drink beer?",
    "description": "",
    "voice_label": 23
  }
},
{
  "model": "service_development.voiceservicesubelement",
  "pk": 3,
  "fields": {
    "service": 1,
    "creation_date": "2017-04-23T19:32:07.853Z",
    "modification_date": "2018-01-25T14:35:48.977Z",
    "name": "Yes",
    "description": "King <3's BEER",
    "voice_label": 21
  }
},
{
  "model": "service_development.voiceservicesubelement",
  "pk": 4,
  "fields": {
    "service": 1,
    "creation_date": "2017-04-23T19:32:07.854Z",
    "modification_date": "2018-02-16T16:42:26.405Z",
    "name": "No",
    "description": "",
    "voice_label": 22
  }
},
{
  "model": "service_development.voiceservicesubelement",
  "pk": 5,
  "fields": {
    "service": 1,
    "creation_date": "2017-04-23T19:49:50.055Z",
    "modification_date": "2018-02-16T16:42:51.484Z",
    "name": "This is the truth",
    "description": "",
    "voice_label": 3
  }
},
{
  "model": "service_development.voiceservicesubelement",
  "pk": 6,
  "fields": {
    "service": 1,
    "creation_date": "2017-04-23T21:11:06.805Z",
    "modification_date": "2017-04-23T21:33:29.853Z",
    "name": "Thank you for using this service",
    "description": "",
    "voice_label": 5
  }
},
{
  "model": "service_development.voiceservicesubelement",
  "pk": 7,
  "fields": {
    "service": 1,
    "creation_date": "2017-04-23T21:36:55.756Z",
    "modification_date": "2017-04-23T21:36:55.756Z",
    "name": "King is boring",
    "description": "",
    "voice_label": 6
  }
},
{
  "model": "service_development.voiceservicesubelement",
  "pk": 8,
  "fields": {
    "service": 2,
    "creation_date": "2019-04-23T14:15:16.395Z",
    "modification_date": "2019-04-23T14:56:08.253Z",
    "name": "Choose crop - Sikasso",
    "description": "Choosing a crop for Sikasso",
    "voice_label": 34
  }
},
{
  "model": "service_development.voiceservicesubelement",
  "pk": 9,
  "fields": {
    "service": 2,
    "creation_date": "2019-04-23T14:15:16.411Z",
    "modification_date": "2019-04-23T14:56:08.269Z",
    "name": "Millet",
    "description": "Millet crop",
    "voice_label": 27
  }
},
{
  "model": "service_development.voiceservicesubelement",
  "pk": 10,
  "fields": {
    "service": 2,
    "creation_date": "2019-04-23T14:15:16.411Z",
    "modification_date": "2019-04-23T14:56:08.269Z",
    "name": "Rice",
    "description": "Rice crop",
    "voice_label": 29
  }
},
{
  "model": "service_development.voiceservicesubelement",
  "pk": 11,
  "fields": {
    "service": 2,
    "creation_date": "2019-04-23T14:15:16.411Z",
    "modification_date": "2019-04-23T14:56:08.269Z",
    "name": "Corn",
    "description": "Corn crop",
    "voice_label": 28
  }
},
{
  "model": "service_development.voiceservicesubelement",
  "pk": 12,
  "fields": {
    "service": 2,
    "creation_date": "2019-04-23T14:19:26.664Z",
    "modification_date": "2019-04-23T14:19:26.664Z",
    "name": "Thank you",
    "description": "Thanks & end call",
    "voice_label": 33
  }
},
{
  "model": "service_development.voiceservicesubelement",
  "pk": 13,
  "fields": {
    "service": 2,
    "creation_date": "2019-04-23T14:21:33.096Z",
    "modification_date": "2019-04-23T14:45:52.093Z",
    "name": "Choose cercle",
    "description": "Choosing a cercle (currently only Sikasso works)",
    "voice_label": 31
  }
},
{
  "model": "service_development.voiceservicesubelement",
  "pk": 14,
  "fields": {
    "service": 2,
    "creation_date": "2019-04-23T14:21:33.111Z",
    "modification_date": "2019-04-23T14:45:52.103Z",
    "name": "Sikasso",
    "description": "Choosing Sikasso region",
    "voice_label": 35
  }
},
{
  "model": "service_development.voiceservicesubelement",
  "pk": 15,
  "fields": {
    "service": 2,
    "creation_date": "2019-04-23T14:53:56.059Z",
    "modification_date": "2019-04-23T14:53:56.059Z",
    "name": "Corn prediction",
    "description": "Prediction for when corn is selected as crop",
    "voice_label": 36
  }
},
{
  "model": "service_development.voiceservicesubelement",
  "pk": 16,
  "fields": {
    "service": 2,
    "creation_date": "2019-04-23T14:55:20.600Z",
    "modification_date": "2019-04-23T14:55:20.600Z",
    "name": "Rice prediction",
    "description": "",
    "voice_label": 38
  }
},
{
  "model": "service_development.voiceservicesubelement",
  "pk": 17,
  "fields": {
    "service": 2,
    "creation_date": "2019-04-23T14:55:39.614Z",
    "modification_date": "2019-04-23T14:55:39.614Z",
    "name": "Millet prediction",
    "description": "",
    "voice_label": 37
  }
},
{
  "model": "service_development.voiceserviceelement",
  "pk": 2,
  "fields": {}
},
{
  "model": "service_development.voiceserviceelement",
  "pk": 5,
  "fields": {}
},
{
  "model": "service_development.voiceserviceelement",
  "pk": 6,
  "fields": {}
},
{
  "model": "service_development.voiceserviceelement",
  "pk": 7,
  "fields": {}
},
{
  "model": "service_development.voiceserviceelement",
  "pk": 8,
  "fields": {}
},
{
  "model": "service_development.voiceserviceelement",
  "pk": 12,
  "fields": {}
},
{
  "model": "service_development.voiceserviceelement",
  "pk": 13,
  "fields": {}
},
{
  "model": "service_development.voiceserviceelement",
  "pk": 15,
  "fields": {}
},
{
  "model": "service_development.voiceserviceelement",
  "pk": 16,
  "fields": {}
},
{
  "model": "service_development.voiceserviceelement",
  "pk": 17,
  "fields": {}
},
{
  "model": "service_development.voiceservice",
  "pk": 1,
  "fields": {
    "name": "King's truth checker",
    "description": "Checks the user's knowledge about the king of the Netherlands",
    "creation_date": "2017-04-23T19:23:52.392Z",
    "modification_date": "2019-04-17T10:26:18.386Z",
    "active": false,
    "_start_element": 2,
    "registration": "preferred",
    "registration_language": true,
    "registration_name": false,
    "supported_languages": [
      1,
      2,
      3
    ]
  }
},
{
  "model": "service_development.voiceservice",
  "pk": 2,
  "fields": {
    "name": "MeteoPaysan",
    "description": "Voice service for the MeteoPaysan application.",
    "creation_date": "2019-04-17T10:26:02.628Z",
    "modification_date": "2019-04-23T15:10:29.362Z",
    "active": true,
    "_start_element": 13,
    "registration": "preferred",
    "registration_language": true,
    "registration_name": false,
    "supported_languages": [
      2,
      3
    ]
  }
},
{
  "model": "service_development.kasadakauser",
  "pk": 1,
  "fields": {
    "caller_id": "456",
    "first_name": "Henk",
    "last_name": "Ernia",
    "creation_date": "2018-02-02T11:10:27.670Z",
    "modification_date": "2018-02-12T14:44:24.019Z",
    "language": 1,
    "service": 1
  }
},
{
  "model": "service_development.callsession",
  "pk": 1,
  "fields": {
    "start": "2019-04-23T14:42:03.381Z",
    "end": "2019-04-23T14:59:05.440Z",
    "user": null,
    "caller_id": null,
    "service": 2,
    "_language": 2
  }
},
{
  "model": "service_development.callsession",
  "pk": 2,
  "fields": {
    "start": "2019-04-23T15:01:54.784Z",
    "end": "2019-04-23T15:15:59.495Z",
    "user": null,
    "caller_id": null,
    "service": 2,
    "_language": 2
  }
},
{
  "model": "service_development.callsession",
  "pk": 3,
  "fields": {
    "start": "2019-04-23T15:30:32.661Z",
    "end": null,
    "user": null,
    "caller_id": null,
    "service": 2,
    "_language": null
  }
},
{
  "model": "service_development.callsession",
  "pk": 4,
  "fields": {
    "start": "2019-04-25T19:17:28.012Z",
    "end": null,
    "user": null,
    "caller_id": null,
    "service": 1,
    "_language": null
  }
},
{
  "model": "service_development.callsession",
  "pk": 5,
  "fields": {
    "start": "2019-04-25T19:18:54.003Z",
    "end": null,
    "user": null,
    "caller_id": null,
    "service": 1,
    "_language": null
  }
},
{
  "model": "service_development.callsession",
  "pk": 6,
  "fields": {
    "start": "2019-04-25T19:35:27.518Z",
    "end": "2019-04-26T18:24:21.358Z",
    "user": null,
    "caller_id": null,
    "service": 2,
    "_language": 3
  }
},
{
  "model": "service_development.callsession",
  "pk": 7,
  "fields": {
    "start": "2019-04-26T18:13:02.744Z",
    "end": null,
    "user": null,
    "caller_id": null,
    "service": 2,
    "_language": null
  }
},
{
  "model": "service_development.callsession",
  "pk": 8,
  "fields": {
    "start": "2019-04-26T18:15:13.572Z",
    "end": null,
    "user": null,
    "caller_id": "1234",
    "service": 2,
    "_language": null
  }
},
{
  "model": "service_development.callsession",
  "pk": 9,
  "fields": {
    "start": "2019-04-26T18:15:22.010Z",
    "end": null,
    "user": null,
    "caller_id": "admin",
    "service": 2,
    "_language": null
  }
},
{
  "model": "service_development.callsession",
  "pk": 10,
  "fields": {
    "start": "2019-04-26T18:15:52.767Z",
    "end": null,
    "user": null,
    "caller_id": "1",
    "service": 2,
    "_language": null
  }
},
{
  "model": "service_development.callsession",
  "pk": 11,
  "fields": {
    "start": "2019-04-26T18:15:57.343Z",
    "end": null,
    "user": null,
    "caller_id": "1",
    "service": 2,
    "_language": null
  }
},
{
  "model": "service_development.callsession",
  "pk": 12,
  "fields": {
    "start": "2019-04-26T18:15:59.693Z",
    "end": null,
    "user": null,
    "caller_id": "1",
    "service": 2,
    "_language": null
  }
},
{
  "model": "service_development.callsession",
  "pk": 13,
  "fields": {
    "start": "2019-04-26T18:18:37.493Z",
    "end": null,
    "user": null,
    "caller_id": "456",
    "service": 2,
    "_language": null
  }
},
{
  "model": "service_development.callsession",
  "pk": 14,
  "fields": {
    "start": "2019-04-26T18:18:53.137Z",
    "end": null,
    "user": null,
    "caller_id": "1",
    "service": 2,
    "_language": null
  }
},
{
  "model": "service_development.callsession",
  "pk": 15,
  "fields": {
    "start": "2019-04-26T18:18:56.210Z",
    "end": null,
    "user": null,
    "caller_id": "456",
    "service": 2,
    "_language": null
  }
},
{
  "model": "service_development.callsession",
  "pk": 16,
  "fields": {
    "start": "2019-04-26T18:22:37.916Z",
    "end": "2019-04-26T18:26:53.982Z",
    "user": null,
    "caller_id": null,
    "service": 2,
    "_language": 3
  }
},
{
  "model": "service_development.callsession",
  "pk": 17,
  "fields": {
    "start": "2019-04-27T11:19:35.404Z",
    "end": "2019-04-28T20:23:37.819Z",
    "user": null,
    "caller_id": null,
    "service": 2,
    "_language": 2
  }
},
{
  "model": "service_development.callsession",
  "pk": 18,
  "fields": {
    "start": "2019-05-01T11:06:53.418Z",
    "end": "2019-05-01T11:11:21.728Z",
    "user": null,
    "caller_id": null,
    "service": 2,
    "_language": 2
  }
},
{
  "model": "service_development.callsessionstep",
  "pk": 1,
  "fields": {
    "time": "2019-04-23T14:42:03.584Z",
    "session": 1,
    "_visited_element": 13,
    "description": null
  }
},
{
  "model": "service_development.callsessionstep",
  "pk": 2,
  "fields": {
    "time": "2019-04-23T14:45:55.524Z",
    "session": 1,
    "_visited_element": 13,
    "description": null
  }
},
{
  "model": "service_development.callsessionstep",
  "pk": 3,
  "fields": {
    "time": "2019-04-23T14:46:22.982Z",
    "session": 1,
    "_visited_element": 8,
    "description": null
  }
},
{
  "model": "service_development.callsessionstep",
  "pk": 4,
  "fields": {
    "time": "2019-04-23T14:57:55.532Z",
    "session": 1,
    "_visited_element": 8,
    "description": null
  }
},
{
  "model": "service_development.callsessionstep",
  "pk": 5,
  "fields": {
    "time": "2019-04-23T14:59:05.465Z",
    "session": 1,
    "_visited_element": 17,
    "description": null
  }
},
{
  "model": "service_development.callsessionstep",
  "pk": 6,
  "fields": {
    "time": "2019-04-23T15:01:54.989Z",
    "session": 2,
    "_visited_element": 13,
    "description": null
  }
},
{
  "model": "service_development.callsessionstep",
  "pk": 7,
  "fields": {
    "time": "2019-04-23T15:08:10.683Z",
    "session": 2,
    "_visited_element": 13,
    "description": null
  }
},
{
  "model": "service_development.callsessionstep",
  "pk": 8,
  "fields": {
    "time": "2019-04-23T15:09:44.081Z",
    "session": 2,
    "_visited_element": 13,
    "description": null
  }
},
{
  "model": "service_development.callsessionstep",
  "pk": 9,
  "fields": {
    "time": "2019-04-23T15:10:33.220Z",
    "session": 2,
    "_visited_element": 13,
    "description": null
  }
},
{
  "model": "service_development.callsessionstep",
  "pk": 10,
  "fields": {
    "time": "2019-04-23T15:10:36.676Z",
    "session": 2,
    "_visited_element": 13,
    "description": null
  }
},
{
  "model": "service_development.callsessionstep",
  "pk": 11,
  "fields": {
    "time": "2019-04-23T15:15:59.540Z",
    "session": 2,
    "_visited_element": 13,
    "description": null
  }
},
{
  "model": "service_development.callsessionstep",
  "pk": 12,
  "fields": {
    "time": "2019-04-25T19:47:02.094Z",
    "session": 6,
    "_visited_element": null,
    "description": "Language selected, English"
  }
},
{
  "model": "service_development.callsessionstep",
  "pk": 13,
  "fields": {
    "time": "2019-04-25T19:48:14.129Z",
    "session": 6,
    "_visited_element": 13,
    "description": null
  }
},
{
  "model": "service_development.callsessionstep",
  "pk": 14,
  "fields": {
    "time": "2019-04-25T19:58:30.282Z",
    "session": 6,
    "_visited_element": 13,
    "description": null
  }
},
{
  "model": "service_development.callsessionstep",
  "pk": 15,
  "fields": {
    "time": "2019-04-25T19:59:10.181Z",
    "session": 6,
    "_visited_element": 8,
    "description": null
  }
},
{
  "model": "service_development.callsessionstep",
  "pk": 16,
  "fields": {
    "time": "2019-04-25T20:00:24.456Z",
    "session": 6,
    "_visited_element": 15,
    "description": null
  }
},
{
  "model": "service_development.callsessionstep",
  "pk": 17,
  "fields": {
    "time": "2019-04-25T20:00:34.161Z",
    "session": 6,
    "_visited_element": 12,
    "description": null
  }
},
{
  "model": "service_development.callsessionstep",
  "pk": 18,
  "fields": {
    "time": "2019-04-26T17:38:59.999Z",
    "session": 6,
    "_visited_element": null,
    "description": "Language selected, English"
  }
},
{
  "model": "service_development.callsessionstep",
  "pk": 19,
  "fields": {
    "time": "2019-04-26T17:39:29.942Z",
    "session": 6,
    "_visited_element": 13,
    "description": null
  }
},
{
  "model": "service_development.callsessionstep",
  "pk": 20,
  "fields": {
    "time": "2019-04-26T17:56:58.861Z",
    "session": 6,
    "_visited_element": 8,
    "description": null
  }
},
{
  "model": "service_development.callsessionstep",
  "pk": 21,
  "fields": {
    "time": "2019-04-26T17:57:11.572Z",
    "session": 6,
    "_visited_element": 15,
    "description": null
  }
},
{
  "model": "service_development.callsessionstep",
  "pk": 22,
  "fields": {
    "time": "2019-04-26T17:57:34.281Z",
    "session": 6,
    "_visited_element": 15,
    "description": null
  }
},
{
  "model": "service_development.callsessionstep",
  "pk": 23,
  "fields": {
    "time": "2019-04-26T17:58:50.993Z",
    "session": 6,
    "_visited_element": 15,
    "description": null
  }
},
{
  "model": "service_development.callsessionstep",
  "pk": 24,
  "fields": {
    "time": "2019-04-26T17:59:00.938Z",
    "session": 6,
    "_visited_element": 15,
    "description": null
  }
},
{
  "model": "service_development.callsessionstep",
  "pk": 25,
  "fields": {
    "time": "2019-04-26T17:59:29.481Z",
    "session": 6,
    "_visited_element": 15,
    "description": null
  }
},
{
  "model": "service_development.callsessionstep",
  "pk": 26,
  "fields": {
    "time": "2019-04-26T17:59:37.966Z",
    "session": 6,
    "_visited_element": 12,
    "description": null
  }
},
{
  "model": "service_development.callsessionstep",
  "pk": 27,
  "fields": {
    "time": "2019-04-26T18:06:59.527Z",
    "session": 6,
    "_visited_element": 15,
    "description": null
  }
},
{
  "model": "service_development.callsessionstep",
  "pk": 28,
  "fields": {
    "time": "2019-04-26T18:07:10.162Z",
    "session": 6,
    "_visited_element": 15,
    "description": null
  }
},
{
  "model": "service_development.callsessionstep",
  "pk": 29,
  "fields": {
    "time": "2019-04-26T18:07:47.693Z",
    "session": 6,
    "_visited_element": 15,
    "description": null
  }
},
{
  "model": "service_development.callsessionstep",
  "pk": 30,
  "fields": {
    "time": "2019-04-26T18:08:34.324Z",
    "session": 6,
    "_visited_element": 8,
    "description": null
  }
},
{
  "model": "service_development.callsessionstep",
  "pk": 31,
  "fields": {
    "time": "2019-04-26T18:08:49.343Z",
    "session": 6,
    "_visited_element": 8,
    "description": null
  }
},
{
  "model": "service_development.callsessionstep",
  "pk": 32,
  "fields": {
    "time": "2019-04-26T18:10:04.127Z",
    "session": 6,
    "_visited_element": 8,
    "description": null
  }
},
{
  "model": "service_development.callsessionstep",
  "pk": 33,
  "fields": {
    "time": "2019-04-26T18:10:20.584Z",
    "session": 6,
    "_visited_element": 8,
    "description": null
  }
},
{
  "model": "service_development.callsessionstep",
  "pk": 34,
  "fields": {
    "time": "2019-04-26T18:22:16.831Z",
    "session": 6,
    "_visited_element": 8,
    "description": null
  }
},
{
  "model": "service_development.callsessionstep",
  "pk": 35,
  "fields": {
    "time": "2019-04-26T18:23:22.564Z",
    "session": 6,
    "_visited_element": null,
    "description": "Language selected, Nederlands"
  }
},
{
  "model": "service_development.callsessionstep",
  "pk": 36,
  "fields": {
    "time": "2019-04-26T18:24:21.374Z",
    "session": 6,
    "_visited_element": null,
    "description": "Language selected, Francais"
  }
},
{
  "model": "service_development.callsessionstep",
  "pk": 37,
  "fields": {
    "time": "2019-04-26T18:25:12.305Z",
    "session": 16,
    "_visited_element": null,
    "description": "Language selected, Francais"
  }
},
{
  "model": "service_development.callsessionstep",
  "pk": 38,
  "fields": {
    "time": "2019-04-26T18:26:45.573Z",
    "session": 16,
    "_visited_element": 13,
    "description": null
  }
},
{
  "model": "service_development.callsessionstep",
  "pk": 39,
  "fields": {
    "time": "2019-04-26T18:26:53.991Z",
    "session": 16,
    "_visited_element": 8,
    "description": null
  }
},
{
  "model": "service_development.callsessionstep",
  "pk": 40,
  "fields": {
    "time": "2019-04-27T11:20:59.219Z",
    "session": 17,
    "_visited_element": null,
    "description": "Language selected, Nederlands"
  }
},
{
  "model": "service_development.callsessionstep",
  "pk": 41,
  "fields": {
    "time": "2019-04-27T11:22:15.739Z",
    "session": 17,
    "_visited_element": null,
    "description": "Language selected, Nederlands"
  }
},
{
  "model": "service_development.callsessionstep",
  "pk": 42,
  "fields": {
    "time": "2019-04-27T11:22:33.800Z",
    "session": 17,
    "_visited_element": null,
    "description": "Language selected, Nederlands"
  }
},
{
  "model": "service_development.callsessionstep",
  "pk": 43,
  "fields": {
    "time": "2019-04-27T11:22:35.577Z",
    "session": 17,
    "_visited_element": null,
    "description": "Language selected, Nederlands"
  }
},
{
  "model": "service_development.callsessionstep",
  "pk": 44,
  "fields": {
    "time": "2019-04-27T11:22:36.408Z",
    "session": 17,
    "_visited_element": null,
    "description": "Language selected, Nederlands"
  }
},
{
  "model": "service_development.callsessionstep",
  "pk": 45,
  "fields": {
    "time": "2019-04-27T11:23:31.039Z",
    "session": 17,
    "_visited_element": null,
    "description": "Language selected, Nederlands"
  }
},
{
  "model": "service_development.callsessionstep",
  "pk": 46,
  "fields": {
    "time": "2019-04-27T11:25:39.274Z",
    "session": 17,
    "_visited_element": null,
    "description": "Language selected, English"
  }
},
{
  "model": "service_development.callsessionstep",
  "pk": 47,
  "fields": {
    "time": "2019-04-27T11:27:04.689Z",
    "session": 17,
    "_visited_element": 13,
    "description": null
  }
},
{
  "model": "service_development.callsessionstep",
  "pk": 48,
  "fields": {
    "time": "2019-04-27T12:04:13.335Z",
    "session": 17,
    "_visited_element": 8,
    "description": null
  }
},
{
  "model": "service_development.callsessionstep",
  "pk": 49,
  "fields": {
    "time": "2019-04-28T11:53:44.413Z",
    "session": 17,
    "_visited_element": 13,
    "description": null
  }
},
{
  "model": "service_development.callsessionstep",
  "pk": 50,
  "fields": {
    "time": "2019-04-28T11:54:56.607Z",
    "session": 17,
    "_visited_element": 13,
    "description": null
  }
},
{
  "model": "service_development.callsessionstep",
  "pk": 51,
  "fields": {
    "time": "2019-04-28T11:56:14.878Z",
    "session": 17,
    "_visited_element": 13,
    "description": null
  }
},
{
  "model": "service_development.callsessionstep",
  "pk": 52,
  "fields": {
    "time": "2019-04-28T11:59:53.876Z",
    "session": 17,
    "_visited_element": 13,
    "description": null
  }
},
{
  "model": "service_development.callsessionstep",
  "pk": 53,
  "fields": {
    "time": "2019-04-28T12:01:11.440Z",
    "session": 17,
    "_visited_element": 13,
    "description": null
  }
},
{
  "model": "service_development.callsessionstep",
  "pk": 54,
  "fields": {
    "time": "2019-04-28T12:01:42.965Z",
    "session": 17,
    "_visited_element": 13,
    "description": null
  }
},
{
  "model": "service_development.callsessionstep",
  "pk": 55,
  "fields": {
    "time": "2019-04-28T12:08:32.581Z",
    "session": 17,
    "_visited_element": 13,
    "description": null
  }
},
{
  "model": "service_development.callsessionstep",
  "pk": 56,
  "fields": {
    "time": "2019-04-28T12:10:05.065Z",
    "session": 17,
    "_visited_element": 13,
    "description": null
  }
},
{
  "model": "service_development.callsessionstep",
  "pk": 57,
  "fields": {
    "time": "2019-04-28T12:10:58.644Z",
    "session": 17,
    "_visited_element": 13,
    "description": null
  }
},
{
  "model": "service_development.callsessionstep",
  "pk": 58,
  "fields": {
    "time": "2019-04-28T12:12:19.783Z",
    "session": 17,
    "_visited_element": 13,
    "description": null
  }
},
{
  "model": "service_development.callsessionstep",
  "pk": 59,
  "fields": {
    "time": "2019-04-28T12:15:33.968Z",
    "session": 17,
    "_visited_element": 8,
    "description": null
  }
},
{
  "model": "service_development.callsessionstep",
  "pk": 60,
  "fields": {
    "time": "2019-04-28T12:16:13.354Z",
    "session": 17,
    "_visited_element": 13,
    "description": null
  }
},
{
  "model": "service_development.callsessionstep",
  "pk": 61,
  "fields": {
    "time": "2019-04-28T12:16:25.421Z",
    "session": 17,
    "_visited_element": 13,
    "description": null
  }
},
{
  "model": "service_development.callsessionstep",
  "pk": 62,
  "fields": {
    "time": "2019-04-28T12:21:50.332Z",
    "session": 17,
    "_visited_element": 13,
    "description": null
  }
},
{
  "model": "service_development.callsessionstep",
  "pk": 63,
  "fields": {
    "time": "2019-04-28T12:54:23.361Z",
    "session": 17,
    "_visited_element": 13,
    "description": null
  }
},
{
  "model": "service_development.callsessionstep",
  "pk": 64,
  "fields": {
    "time": "2019-04-28T12:54:53.940Z",
    "session": 17,
    "_visited_element": 13,
    "description": null
  }
},
{
  "model": "service_development.callsessionstep",
  "pk": 65,
  "fields": {
    "time": "2019-04-28T12:55:09.408Z",
    "session": 17,
    "_visited_element": 13,
    "description": null
  }
},
{
  "model": "service_development.callsessionstep",
  "pk": 66,
  "fields": {
    "time": "2019-04-28T12:59:26.614Z",
    "session": 17,
    "_visited_element": 13,
    "description": null
  }
},
{
  "model": "service_development.callsessionstep",
  "pk": 67,
  "fields": {
    "time": "2019-04-28T12:59:50.712Z",
    "session": 17,
    "_visited_element": 13,
    "description": null
  }
},
{
  "model": "service_development.callsessionstep",
  "pk": 68,
  "fields": {
    "time": "2019-04-28T13:00:35.420Z",
    "session": 17,
    "_visited_element": 13,
    "description": null
  }
},
{
  "model": "service_development.callsessionstep",
  "pk": 69,
  "fields": {
    "time": "2019-04-28T13:01:30.551Z",
    "session": 17,
    "_visited_element": 13,
    "description": null
  }
},
{
  "model": "service_development.callsessionstep",
  "pk": 70,
  "fields": {
    "time": "2019-04-28T13:03:39.737Z",
    "session": 17,
    "_visited_element": 13,
    "description": null
  }
},
{
  "model": "service_development.callsessionstep",
  "pk": 71,
  "fields": {
    "time": "2019-04-28T13:03:56.756Z",
    "session": 17,
    "_visited_element": 13,
    "description": null
  }
},
{
  "model": "service_development.callsessionstep",
  "pk": 72,
  "fields": {
    "time": "2019-04-28T18:25:49.231Z",
    "session": 17,
    "_visited_element": 13,
    "description": null
  }
},
{
  "model": "service_development.callsessionstep",
  "pk": 73,
  "fields": {
    "time": "2019-04-28T18:26:24.818Z",
    "session": 17,
    "_visited_element": 13,
    "description": null
  }
},
{
  "model": "service_development.callsessionstep",
  "pk": 74,
  "fields": {
    "time": "2019-04-28T18:29:40.640Z",
    "session": 17,
    "_visited_element": 13,
    "description": null
  }
},
{
  "model": "service_development.callsessionstep",
  "pk": 75,
  "fields": {
    "time": "2019-04-28T18:29:47.658Z",
    "session": 17,
    "_visited_element": 13,
    "description": null
  }
},
{
  "model": "service_development.callsessionstep",
  "pk": 76,
  "fields": {
    "time": "2019-04-28T18:31:13.085Z",
    "session": 17,
    "_visited_element": 13,
    "description": null
  }
},
{
  "model": "service_development.callsessionstep",
  "pk": 77,
  "fields": {
    "time": "2019-04-28T18:32:26.719Z",
    "session": 17,
    "_visited_element": 13,
    "description": null
  }
},
{
  "model": "service_development.callsessionstep",
  "pk": 78,
  "fields": {
    "time": "2019-04-28T18:40:30.178Z",
    "session": 17,
    "_visited_element": 13,
    "description": null
  }
},
{
  "model": "service_development.callsessionstep",
  "pk": 79,
  "fields": {
    "time": "2019-04-28T18:49:57.327Z",
    "session": 17,
    "_visited_element": 13,
    "description": null
  }
},
{
  "model": "service_development.callsessionstep",
  "pk": 80,
  "fields": {
    "time": "2019-04-28T20:09:13.363Z",
    "session": 17,
    "_visited_element": 8,
    "description": null
  }
},
{
  "model": "service_development.callsessionstep",
  "pk": 81,
  "fields": {
    "time": "2019-04-28T20:09:55.021Z",
    "session": 17,
    "_visited_element": 17,
    "description": null
  }
},
{
  "model": "service_development.callsessionstep",
  "pk": 82,
  "fields": {
    "time": "2019-04-28T20:10:06.192Z",
    "session": 17,
    "_visited_element": 12,
    "description": null
  }
},
{
  "model": "service_development.callsessionstep",
  "pk": 83,
  "fields": {
    "time": "2019-05-01T11:08:03.851Z",
    "session": 18,
    "_visited_element": null,
    "description": "Language selected, Nederlands"
  }
},
{
  "model": "service_development.callsessionstep",
  "pk": 84,
  "fields": {
    "time": "2019-05-01T11:11:21.733Z",
    "session": 18,
    "_visited_element": null,
    "description": "Language selected, English"
  }
},
{
  "model": "service_development.choice",
  "pk": 2,
  "fields": {}
},
{
  "model": "service_development.choice",
  "pk": 8,
  "fields": {}
},
{
  "model": "service_development.choice",
  "pk": 13,
  "fields": {}
},
{
  "model": "service_development.choiceoption",
  "pk": 3,
  "fields": {
    "parent": 2,
    "_redirect": 5
  }
},
{
  "model": "service_development.choiceoption",
  "pk": 4,
  "fields": {
    "parent": 2,
    "_redirect": 7
  }
},
{
  "model": "service_development.choiceoption",
  "pk": 9,
  "fields": {
    "parent": 8,
    "_redirect": 17
  }
},
{
  "model": "service_development.choiceoption",
  "pk": 10,
  "fields": {
    "parent": 8,
    "_redirect": 16
  }
},
{
  "model": "service_development.choiceoption",
  "pk": 11,
  "fields": {
    "parent": 8,
    "_redirect": 15
  }
},
{
  "model": "service_development.choiceoption",
  "pk": 14,
  "fields": {
    "parent": 13,
    "_redirect": 8
  }
},
{
  "model": "service_development.messagepresentation",
  "pk": 5,
  "fields": {
    "final_element": false,
    "_redirect": 6
  }
},
{
  "model": "service_development.messagepresentation",
  "pk": 6,
  "fields": {
    "final_element": true,
    "_redirect": null
  }
},
{
  "model": "service_development.messagepresentation",
  "pk": 7,
  "fields": {
    "final_element": false,
    "_redirect": 6
  }
},
{
  "model": "service_development.messagepresentation",
  "pk": 12,
  "fields": {
    "final_element": true,
    "_redirect": null
  }
},
{
  "model": "service_development.messagepresentation",
  "pk": 15,
  "fields": {
    "final_element": false,
    "_redirect": 12
  }
},
{
  "model": "service_development.messagepresentation",
  "pk": 16,
  "fields": {
    "final_element": false,
    "_redirect": 12
  }
},
{
  "model": "service_development.messagepresentation",
  "pk": 17,
  "fields": {
    "final_element": false,
    "_redirect": 12
  }
},
{
  "model": "service_development.userinputcategory",
  "pk": 2,
  "fields": {
    "name": "Choice",
    "description": null,
    "service": 2
  }
},
{
  "model": "service_development.userdtmfinput",
  "pk": 1,
  "fields": {
    "session": 17,
    "time": "2019-04-28T19:45:25.853Z",
    "choice": "1",
    "element": 13,
    "description": "User choice"
  }
},
{
  "model": "service_development.userdtmfinput",
  "pk": 2,
  "fields": {
    "session": 17,
    "time": "2019-04-28T20:19:42.150Z",
    "choice": "1",
    "element": 13,
    "description": "User choice"
  }
},
{
  "model": "service_development.userdtmfinput",
  "pk": 3,
  "fields": {
    "session": 17,
    "time": "2019-04-28T20:21:52.924Z",
    "choice": "1",
    "element": 13,
    "description": "User choice"
  }
},
{
  "model": "service_development.userdtmfinput",
  "pk": 4,
  "fields": {
    "session": 17,
    "time": "2019-04-28T20:23:13.667Z",
    "choice": "1",
    "element": 13,
    "description": "User choice"
  }
},
{
  "model": "service_development.userdtmfinput",
  "pk": 5,
  "fields": {
    "session": 17,
    "time": "2019-04-28T20:23:24.864Z",
    "choice": "1",
    "element": 13,
    "description": "User choice"
  }
},
{
  "model": "service_development.userdtmfinput",
  "pk": 6,
  "fields": {
    "session": 17,
    "time": "2019-04-28T20:23:37.825Z",
    "choice": "1",
    "element": 13,
    "description": "User choice"
  }
}
]
